#pragma once

#include <stdint.h>

static constexpr uint8_t team_width = 128;
static constexpr uint8_t team_height = 128;
static const uint16_t team_pixels[16384] = {
    0x13AD, 0x13AD, 0x13AD, 0x13AD, 0x13AD, 0x13AD, 0x12AD, 0xF2A4, 0xF2AC, 0xF2AC, 0xF2A4, 0xF2A4,
    0xF2A4, 0xF2A4, 0xF2A4, 0xD2A4, 0xD2A4, 0xD2A4, 0xD1A4, 0xD1A4, 0xB19C, 0xB19C, 0xB19C, 0xB19C,
    0xB1A4, 0xB19C, 0xB19C, 0xB1A4, 0xD1A4, 0xF2A4, 0x12A5, 0x13AD, 0x33AD, 0x53AD, 0x53B5, 0x53B5,
    0x54B5, 0x53B5, 0x53B5, 0x53B5, 0x53B5, 0x53B5, 0x53B5, 0x53B5, 0x53B5, 0x53B5, 0x53B5, 0x53B5,
    0x53B5, 0x53B5, 0x53B5, 0x33B5, 0x53B5, 0x33B5, 0x53B5, 0x53B5, 0x53B5, 0x33B5, 0x33B5, 0x53B5,
    0x53B5, 0x33AD, 0x53AD, 0x33AD, 0x33B5, 0x53B5, 0x94B5, 0x94BD, 0x94BD, 0xD5BD, 0xD5C5, 0xD5BD,
    0x94BD, 0xB4BD, 0xB4BD, 0x94B5, 0xB5BD, 0xF6BD, 0xF7C5, 0x17C6, 0x17C6, 0x17C6, 0x17C6, 0x18C6,
    0x17C6, 0x18C6, 0x18C6, 0x18C6, 0x18C6, 0x18C6, 0x18C6, 0x18C6, 0x18C6, 0x17C6, 0x17C6, 0x18C6,
    0x17C6, 0x17C6, 0x17C6, 0x17C6, 0xF7C5, 0xF7C5, 0xF7C5, 0xF7C5, 0xF7C5, 0xF7C5, 0xF7C5, 0xF7C5,
    0xF7C5, 0xF7C5, 0xF7C5, 0xF7C5, 0xF7C5, 0xF7C5, 0xF7C5, 0xD7C5, 0xD7C5, 0xD7C5, 0xD7C5, 0xD7C5,
    0xD7BD, 0xD7BD, 0xD7BD, 0xD7BD, 0xD7BD, 0xD7BD, 0xD7BD, 0xD7BD, 0x13AD, 0xF2AC, 0xF2AC, 0xF2AC,
    0xF2AC, 0xF2AC, 0xF2AC, 0xF2A4, 0xF2AC, 0xF2A4, 0xF2A4, 0xF2A4, 0xF2A4, 0xD2A4, 0xD2A4, 0xD2A4,
    0xD1A4, 0xD1A4, 0xD1A4, 0xD1A4, 0xB19C, 0xB19C, 0xB19C, 0xB19C, 0xB1A4, 0xB19C, 0x919C, 0xB1A4,
    0xD1A4, 0xF2A4, 0x12A5, 0x13AD, 0x33AD, 0x53AD, 0x53B5, 0x53B5, 0x53B5, 0x53B5, 0x53B5, 0x53B5,
    0x53B5, 0x53B5, 0x53B5, 0x53B5, 0x53B5, 0x53B5, 0x53B5, 0x53B5, 0x53B5, 0x53B5, 0x53B5, 0x53B5,
    0x53B5, 0x53B5, 0x33B5, 0x33B5, 0x33B5, 0x33B5, 0x33B5, 0x53B5, 0x33B5, 0x53B5, 0x33B5, 0x33B5,
    0x33B5, 0x53B5, 0x94BD, 0x94B5, 0x94BD, 0xD5BD, 0xD5C5, 0xD5BD, 0x94B5, 0xB4BD, 0xB4BD, 0x94B5,
    0xB5BD, 0xF6BD, 0xF7C5, 0xF7C5, 0x17C6, 0x17C6, 0x17C6, 0x17C6, 0x17C6, 0x18C6, 0x18C6, 0x18C6,
    0x18C6, 0x18C6, 0x18C6, 0x18C6, 0x17C6, 0x17C6, 0x17C6, 0x17C6, 0x17C6, 0xF7C5, 0xF7C5, 0xF7C5,
    0xF7C5, 0xF7C5, 0xF7C5, 0xF7C5, 0xF7C5, 0xF7C5, 0xF7C5, 0xF7C5, 0xF7C5, 0xF7BD, 0xF7C5, 0xF7C5,
    0xF7C5, 0xF7C5, 0xD7C5, 0xD7C5, 0xD7C5, 0xD7C5, 0xD7C5, 0xD7BD, 0xD7C5, 0xD7C5, 0xD7C5, 0xD7C5,
    0xD7C5, 0xD7BD, 0xD7BD, 0xD7BD, 0x13AD, 0x13AD, 0x13AD, 0xF2AC, 0xF2AC, 0xF2AC, 0xF2A4, 0xF2A4,
    0xF2A4, 0xF2A4, 0xF2A4, 0xF2A4, 0xF2A4, 0xD2A4, 0xD2A4, 0xD1A4, 0xD1A4, 0xD1A4, 0xD1A4, 0xD1A4,
    0xB19C, 0xB19C, 0xB1A4, 0xB19C, 0xB19C, 0x919C, 0x919C, 0xB19C, 0xD1A4, 0xF2A4, 0x12A5, 0x13AD,
    0x33AD, 0x53B5, 0x53B5, 0x53B5, 0x53B5, 0x53B5, 0x54B5, 0x54B5, 0x53B5, 0x54B5, 0x53B5, 0x53B5,
    0x53B5, 0x53B5, 0x53B5, 0x53B5, 0x53B5, 0x53B5, 0x53B5, 0x53B5, 0x53B5, 0x33B5, 0x33B5, 0x33B5,
    0x33B5, 0x33B5, 0x33B5, 0x33B5, 0x33B5, 0x33AD, 0x33AD, 0x33AD, 0x33AD, 0x53B5, 0x74B5, 0x94BD,
    0x94BD, 0xD5BD, 0xD5BD, 0xB5BD, 0x94B5, 0xB4BD, 0xB4BD, 0x94B5, 0xD6BD, 0xF6BD, 0xF7C5, 0x17C6,
    0x17C6, 0x17C6, 0x18C6, 0x17C6, 0x18C6, 0x18C6, 0x18C6, 0x18C6, 0x18C6, 0x18C6, 0x18C6, 0x17C6,
    0x17C6, 0x17C6, 0x17C6, 0xF7C5, 0xF7C5, 0xF7C5, 0xF7C5, 0xF7C5, 0xF7C5, 0xF7C5, 0xF7C5, 0xF7C5,
    0xF7C5, 0xF7C5, 0xF7C5, 0xF7C5, 0xF7C5, 0xF7BD, 0xF7BD, 0xF7C5, 0xF7C5, 0xF7C5, 0xF7C5, 0xF7C5,
    0xF7C5, 0xD7C5, 0xD7C5, 0xD7C5, 0xD7C5, 0xD7C5, 0xD7C5, 0xD7C5, 0xD7BD, 0xD7BD, 0xD7BD, 0xD7BD,
    0xF2AC, 0x12AD, 0xF2AC, 0xF2AC, 0xF2AC, 0xF2AC, 0xF2AC, 0xF2A4, 0xF2A4, 0xF2A4, 0xF2A4, 0xD2A4,
    0xD2A4, 0xD2A4, 0xD2A4, 0xD1A4, 0xD1A4, 0xD1A4, 0xB19C, 0xB19C, 0xB19C, 0xB1A4, 0xB1A4, 0x919C,
    0x919C, 0x919C, 0x919C, 0xB19C, 0xD2A4, 0xF2A4, 0x12A5, 0x33AD, 0x53AD, 0x53B5, 0x53B5, 0x53B5,
    0x54B5, 0x54B5, 0x54B5, 0x54B5, 0x54B5, 0x54B5, 0x53B5, 0x33B5, 0x53B5, 0x53B5, 0x53B5, 0x54B5,
    0x74B5, 0x54B5, 0x74B5, 0x74B5, 0x53B5, 0x54B5, 0x53B5, 0x53B5, 0x53AD, 0x53B5, 0x33AD, 0x53AD,
    0x33AD, 0x53B5, 0x53AD, 0x33AD, 0x33AD, 0x53B5, 0x94BD, 0x94BD, 0x94BD, 0xD5BD, 0xD5C5, 0xB4BD,
    0x94B5, 0xB4BD, 0x94BD, 0x94B5, 0xD6BD, 0xF6C5, 0xF7C5, 0x17C6, 0x17C6, 0x17C6, 0x17C6, 0x17C6,
    0x17C6, 0x18C6, 0x18C6, 0x17C6, 0x17C6, 0x17C6, 0x18C6, 0x17C6, 0x17C6, 0x17C6, 0x17C6, 0xF7C5,
    0xF7C5, 0xF7C5, 0xF7C5, 0xF7C5, 0xF7C5, 0xF7C5, 0xF7C5, 0xF7C5, 0xF7C5, 0xF7C5, 0xF7C5, 0xF7C5,
    0xF7BD, 0xF7BD, 0xF7BD, 0xF7C5, 0xF7C5, 0xF7C5, 0xF7C5, 0xF7C5, 0xF7C5, 0xD7C5, 0xD7C5, 0xD7BD,
    0xD7C5, 0xD7BD, 0xD7C5, 0xD7BD, 0xD7BD, 0xD7BD, 0xD7BD, 0xB6BD, 0x12AD, 0xF2AC, 0xF2AC, 0xF2AC,
    0xF2AC, 0xF2AC, 0xF2A4, 0xF2A4, 0xF2A4, 0xF2A4, 0xF2A4, 0xD2A4, 0xD2A4, 0xD2A4, 0xD2A4, 0xB1A4,
    0xD1A4, 0xD1A4, 0xD1A4, 0xD1A4, 0xB19C, 0xB19C, 0xB19C, 0xB19C, 0x919C, 0x919C, 0xB19C, 0x919C,
    0xD2A4, 0xF2A4, 0xF2A4, 0x33AD, 0x33AD, 0x53B5, 0x53B5, 0x53B5, 0x54B5, 0x54B5, 0x54B5, 0x54B5,
    0x53B5, 0x53B5, 0x33AD, 0x53B5, 0x73B5, 0xD5C5, 0x57D6, 0xB8DE, 0xB8E6, 0xB7DE, 0x77D6, 0x56CE,
    0x16CE, 0xD5BD, 0x74B5, 0x53B5, 0x53B5, 0x53B5, 0x53B5, 0x53B5, 0x53B5, 0x33B5, 0x33B5, 0x33AD,
    0x53AD, 0x53B5, 0x94B5, 0x94B5, 0x94BD, 0xD5C5, 0xD5C5, 0xB4BD, 0x94B5, 0x94BD, 0x94BD, 0x94BD,
    0xB5BD, 0xD7C5, 0xF7C5, 0x17C6, 0x17C6, 0x17C6, 0x17C6, 0x17C6, 0x17C6, 0x18C6, 0x18C6, 0x18C6,
    0x18C6, 0x18C6, 0x18C6, 0x18C6, 0x17C6, 0x17C6, 0xF7C5, 0xF7C5, 0xF7C5, 0xF7C5, 0xF7C5, 0xF7C5,
    0xF7C5, 0xF7C5, 0xF7C5, 0xF7C5, 0xF7C5, 0xF7C5, 0xF7C5, 0xF7C5, 0xF7C5, 0xF7C5, 0xF7C5, 0xF7C5,
    0xF7C5, 0xF7C5, 0xF7C5, 0xF7C5, 0xF7C5, 0xD7C5, 0xD7C5, 0xD7BD, 0xD7BD, 0xD7BD, 0xD7BD, 0xD7C5,
    0xD7BD, 0xD7BD, 0xD6BD, 0xD7BD, 0x12AD, 0x12AD, 0x12AD, 0x12AD, 0xF2AC, 0xF2AC, 0xF2AC, 0xF2A4,
    0xF2A4, 0xF2A4, 0xF2A4, 0xD2A4, 0xD2A4, 0xD2A4, 0xD1A4, 0xD1A4, 0xB1A4, 0xD1A4, 0xD1A4, 0xB19C,
    0xB19C, 0xB19C, 0xB19C, 0x919C, 0x919C, 0x919C, 0x919C, 0xB19C, 0xD1A4, 0xF2A4, 0xF2A4, 0x33AD,
    0x53AD, 0x53B5, 0x53B5, 0x54B5, 0x54B5, 0x74B5, 0x54B5, 0x54B5, 0x74B5, 0x94B5, 0x37CE, 0xD8DE,
    0x38E7, 0x79F7, 0x99F7, 0x79F7, 0x79EF, 0x38E7, 0x19E7, 0xD8DE, 0x97D6, 0x16CE, 0xB5BD, 0x74B5,
    0x53B5, 0x54B5, 0x54B5, 0x53B5, 0x53B5, 0x74B5, 0x53AD, 0x33AD, 0x33AD, 0x53B5, 0x94BD, 0x94B5,
    0x94BD, 0xD5BD, 0xD5C5, 0x94BD, 0x94B5, 0x94BD, 0x94BD, 0x94B5, 0xB6BD, 0xF6C5, 0xF7C5, 0x17C6,
    0x17C6, 0x17C6, 0x17C6, 0x17C6, 0x17C6, 0x18C6, 0x18C6, 0x18C6, 0x17C6, 0x17C6, 0x17C6, 0x17C6,
    0x17C6, 0xF7C5, 0xF7C5, 0xF7C5, 0xF7C5, 0xF7C5, 0xF7C5, 0xF7C5, 0xF7C5, 0xF7C5, 0xF7C5, 0xF7C5,
    0xF7C5, 0xF7C5, 0xF7C5, 0xF7C5, 0xF7C5, 0xF7C5, 0xF7C5, 0xF7C5, 0xF7C5, 0xF7C5, 0xF7C5, 0xF7C5,
    0xF7C5, 0xD7BD, 0xD7BD, 0xD7BD, 0xD7BD, 0xD7BD, 0xD7BD, 0xD7C5, 0xD7BD, 0xD7BD, 0xB6BD, 0xB6BD,
    0xF2AC, 0x12AD, 0x12AD, 0x12AD, 0xF2AC, 0xF2AC, 0xF2AC, 0xF2A4, 0xF2A4, 0xF2AC, 0xF2A4, 0xF2A4,
    0xD2A4, 0xD2A4, 0xD1A4, 0xD1A4, 0xD1A4, 0xD19C, 0xD19C, 0xD1A4, 0xB19C, 0xB19C, 0xB19C, 0x919C,
    0x919C, 0x919C, 0x919C, 0x919C, 0xD1A4, 0xF2A4, 0xF2A4, 0x33AD, 0x33AD, 0x53B5, 0x54B5, 0x74B5,
    0x73B5, 0x53AD, 0x54B5, 0x95BD, 0xB8DE, 0x79EF, 0x9AF7, 0xB9F7, 0xB9F7, 0xB9F7, 0xB9F7, 0x99F7,
    0x79F7, 0x79F7, 0x58EF, 0x18E7, 0xF8DE, 0x77D6, 0x56CE, 0x36CE, 0x36CE, 0x77D6, 0x97DE, 0x76D6,
    0x76CE, 0x36CE, 0xF5C5, 0xB4BD, 0x73B5, 0x74B5, 0x94BD, 0x94B5, 0xB4BD, 0xD5BD, 0xD5C5, 0xB5BD,
    0x94B5, 0xB5BD, 0x94BD, 0x94B5, 0xB5BD, 0xF6C5, 0xF7C5, 0x17C6, 0x17C6, 0x17C6, 0x17C6, 0x17C6,
    0x17C6, 0x18C6, 0x18C6, 0x18C6, 0x18C6, 0x18C6, 0x18C6, 0x17C6, 0xF7C5, 0xF7C5, 0xF7C5, 0xF7C5,
    0xF7C5, 0xF7C5, 0xF7C5, 0xF7C5, 0xF7C5, 0xF7C5, 0xF7C5, 0xF7C5, 0xF7C5, 0xF7C5, 0xF7C5, 0xF7C5,
    0xF7C5, 0xF7C5, 0xF7C5, 0xF7C5, 0xF7C5, 0xF7C5, 0xF7C5, 0xF7BD, 0xF7C5, 0xD7C5, 0xD7BD, 0xD7BD,
    0xD6BD, 0xD6BD, 0xD6BD, 0xD7BD, 0xD6BD, 0xD6BD, 0x96BD, 0x95B5, 0xF2AC, 0xF2AC, 0x12AD, 0xF2AC,
    0xF2AC, 0xF2AC, 0xF2AC, 0xF2A4, 0xF2A4, 0xF2A4, 0xF2A4, 0xF2AC, 0xF2A4, 0xD2A4, 0xD1A4, 0xD1A4,
    0xD1A4, 0xD1A4, 0xB1A4, 0xD1A4, 0xD1A4, 0xB1A4, 0xB1A4, 0x919C, 0xB19C, 0xB19C, 0x919C, 0x919C,
    0xD1A4, 0xF2A4, 0x12A5, 0x33AD, 0x33AD, 0x53B5, 0x53B5, 0x74B5, 0x33B5, 0x74B5, 0xB7D6, 0x79EF,
    0xBAF7, 0xB9F7, 0xB9F7, 0x99F7, 0x99F7, 0x99F7, 0x99F7, 0x99F7, 0x99F7, 0x99F7, 0x99F7, 0x78EF,
    0x58EF, 0x18E7, 0x18E7, 0x38E7, 0x38E7, 0x38E7, 0x38E7, 0xF8DE, 0xD7DE, 0x97D6, 0x76CE, 0x36CE,
    0xF5C5, 0xB4BD, 0x94BD, 0x53B5, 0x74B5, 0xD5BD, 0xF5C5, 0xB4BD, 0x94BD, 0x94BD, 0x94B5, 0x94B5,
    0xD6BD, 0xF6C5, 0xF7C5, 0x17C6, 0x17C6, 0x17C6, 0x17C6, 0x17C6, 0x17C6, 0x18C6, 0x18C6, 0x18C6,
    0x18C6, 0x18C6, 0x17C6, 0xF7C5, 0x17C6, 0xF7C5, 0xF7C5, 0xF7C5, 0xF7C5, 0xF7C5, 0xF7C5, 0xF7C5,
    0xF7C5, 0xF7C5, 0xF7C5, 0xF7C5, 0xF7C5, 0xF7C5, 0xF7C5, 0xF7C5, 0xD7BD, 0xF7C5, 0xD7C5, 0xD7C5,
    0xF7C5, 0xF7C5, 0xF7BD, 0xF7C5, 0xD7BD, 0x96BD, 0x75B5, 0x96B5, 0xB6BD, 0xD6BD, 0xD6BD, 0xF7BD,
    0xB6BD, 0x95B5, 0x54AD, 0x14A5, 0xF2AC, 0xF2AC, 0xF2AC, 0xF2AC, 0xF2AC, 0xF2AC, 0xF2AC, 0xF2A4,
    0xF2A4, 0xF2A4, 0xF2A4, 0xF2A4, 0xD2A4, 0xD2A4, 0xD2A4, 0xD1A4, 0xD1A4, 0xB1A4, 0xD1A4, 0xD1A4,
    0xD1A4, 0xB1A4, 0xB1A4, 0x919C, 0xB19C, 0x919C, 0x919C, 0xB19C, 0xD1A4, 0xF2A4, 0x12A5, 0x12AD,
    0x33AD, 0x33B5, 0x54B5, 0x74B5, 0x36C6, 0x79EF, 0xB9F7, 0xB9F7, 0xBAF7, 0xB9F7, 0x99F7, 0x99F7,
    0x99F7, 0x99F7, 0x99F7, 0x99F7, 0x99F7, 0x9AF7, 0x99F7, 0x99F7, 0x99F7, 0x99F7, 0x79F7, 0x99F7,
    0x99F7, 0x79EF, 0x79EF, 0x58EF, 0x38E7, 0x18E7, 0xD8DE, 0x97D6, 0x56CE, 0x16C6, 0xF5C5, 0x94BD,
    0xB4BD, 0xD5C5, 0xD5C5, 0xB5BD, 0x94BD, 0xB4BD, 0x94B5, 0x94BD, 0xD6BD, 0xF6BD, 0xF7C5, 0xF7C5,
    0x17C6, 0x17C6, 0x17C6, 0x17C6, 0x17C6, 0x17C6, 0x17C6, 0x17C6, 0x18C6, 0x18C6, 0x17C6, 0xF7C5,
    0xF7C5, 0xF7C5, 0xF7C5, 0xF7C5, 0xF7C5, 0xF7C5, 0xF7C5, 0x17C6, 0xF7C5, 0xF7C5, 0xF7C5, 0xF7C5,
    0xF7C5, 0xF7C5, 0xD6BD, 0xB6BD, 0xD6BD, 0xD6BD, 0xD7BD, 0xD7BD, 0xD7C5, 0xD7BD, 0xD7BD, 0x96B5,
    0x96B5, 0x75AD, 0x96B5, 0xB6BD, 0xD6BD, 0xB6BD, 0x96BD, 0x55AD, 0x13A5, 0x34AD, 0x14A5, 0xF39C,
    0xF2AC, 0xF2AC, 0xF2AC, 0xF2AC, 0xF2AC, 0xF2AC, 0xF2A4, 0xF2A4, 0xF2A4, 0xF2A4, 0xF2A4, 0xD2A4,
    0xD2A4, 0xD2A4, 0xD2A4, 0xD1A4, 0xD1A4, 0xD1A4, 0xD1A4, 0xD1A4, 0xB19C, 0xB19C, 0x919C, 0x919C,
    0x919C, 0x919C, 0x919C, 0xB19C, 0xD1A4, 0xD2A4, 0xF2A4, 0x12AD, 0x33AD, 0x53B5, 0xB5BD, 0x38E7,
    0xB8F7, 0xB9F7, 0xB9F7, 0xB9F7, 0xB9F7, 0xB9F7, 0x99F7, 0xB9F7, 0x99F7, 0x99F7, 0x99F7, 0x99F7,
    0x99F7, 0x99F7, 0x99F7, 0x99F7, 0x99F7, 0x99F7, 0x99F7, 0x79F7, 0x99F7, 0x79EF, 0x79EF, 0x99F7,
    0x79EF, 0x58EF, 0x38E7, 0xF7DE, 0xB7D6, 0x77D6, 0x77D6, 0x36CE, 0x15C6, 0x15C6, 0xD5C5, 0xB5BD,
    0xB5BD, 0xB5BD, 0xB5BD, 0x94BD, 0xD6BD, 0xF7C5, 0xF7C5, 0x17C6, 0x17C6, 0x17C6, 0x17C6, 0x17C6,
    0x17C6, 0x17C6, 0x17C6, 0x17C6, 0x17C6, 0x17C6, 0xF7C5, 0xF7C5, 0xD7BD, 0xB6BD, 0xB5BD, 0xD6BD,
    0xD7BD, 0xF7C5, 0xF7BD, 0xF7C5, 0xF7C5, 0xF7C5, 0xF7C5, 0xD7C5, 0xD6BD, 0xB6BD, 0xB6BD, 0xB6B5,
    0xB6BD, 0xF6BD, 0xB6BD, 0xB5BD, 0xB6BD, 0xB5B5, 0xD29C, 0x9294, 0xB39C, 0x13A5, 0xD39C, 0x35AD,
    0x14A5, 0x929C, 0x14A5, 0x34AD, 0x34A5, 0x34AD, 0x13A5, 0xD39C, 0xF2AC, 0xF2AC, 0xF2AC, 0xF2AC,
    0xF2AC, 0xF2A4, 0xF2A4, 0xF2A4, 0xF2A4, 0xF2A4, 0xF2A4, 0xD2A4, 0xD2A4, 0xD2A4, 0xD1A4, 0xD1A4,
    0xB1A4, 0xD1A4, 0xD1A4, 0xD1A4, 0xB19C, 0xB1A4, 0x919C, 0x919C, 0x919C, 0x919C, 0x919C, 0xB19C,
    0xD2A4, 0xF2A4, 0xF2A4, 0x12AD, 0x33AD, 0x57D6, 0x59EF, 0xBAF7, 0xBAF7, 0xBAF7, 0xB9F7, 0xB9F7,
    0x99F7, 0x99F7, 0x99F7, 0x99F7, 0x99F7, 0x99F7, 0x99F7, 0x99F7, 0x99F7, 0x99F7, 0x99F7, 0x79F7,
    0x99F7, 0x99F7, 0x99F7, 0x99F7, 0x99F7, 0x99F7, 0x99F7, 0x99F7, 0x99F7, 0x99F7, 0x79EF, 0x59EF,
    0x18E7, 0xF8DE, 0xD8DE, 0x77D6, 0x56CE, 0x36CE, 0x16C6, 0xB5BD, 0xB5BD, 0xB5BD, 0x94B5, 0x94BD,
    0xD6BD, 0xF7C5, 0xF7C5, 0x17C6, 0x17C6, 0x17C6, 0x17C6, 0x17C6, 0x17C6, 0x17C6, 0x17C6, 0x17C6,
    0xF7C5, 0x17C6, 0xD7C5, 0xB6BD, 0x75B5, 0x75AD, 0x95B5, 0xB6BD, 0xD7C5, 0xD7C5, 0xD7BD, 0xD7BD,
    0xD7BD, 0x96B5, 0xB6BD, 0x34AD, 0x13A5, 0xF3A4, 0xF3A4, 0x34AD, 0x13A5, 0x33AD, 0x34AD, 0x13A5,
    0xB29C, 0xD29C, 0x9294, 0x9294, 0xF4A4, 0x14A5, 0x14A5, 0xB29C, 0xD39C, 0x13A5, 0x34AD, 0x34AD,
    0x34A5, 0x34A5, 0x14A5, 0xD39C, 0xF2AC, 0xF2AC, 0xF2AC, 0xF2AC, 0xF2A4, 0xF2A4, 0xF2A4, 0xF2A4,
    0xF2A4, 0xF2A4, 0xF2A4, 0xF2A4, 0xF2A4, 0xD2A4, 0xD1A4, 0xD1A4, 0xD1A4, 0xD1A4, 0xD1A4, 0xB19C,
    0xB19C, 0xB19C, 0xB1A4, 0xB19C, 0x919C, 0x919C, 0x919C, 0xB19C, 0xD1A4, 0xF2A4, 0x12A5, 0x33AD,
    0xB7DE, 0x79F7, 0xB9F7, 0xB9F7, 0xB9F7, 0xB9F7, 0xB9F7, 0x99F7, 0x99F7, 0x99F7, 0x99F7, 0x99F7,
    0x99F7, 0x99F7, 0x99F7, 0x99F7, 0x99F7, 0x99F7, 0x99F7, 0x99F7, 0x79F7, 0x78EF, 0x79EF, 0x99F7,
    0x99F7, 0x99F7, 0x9AF7, 0x99F7, 0x99F7, 0x99F7, 0x99F7, 0x79F7, 0x59EF, 0xD8DE, 0x56CE, 0xB5BD,
    0xF5C5, 0x16C6, 0x36CE, 0x16C6, 0xF5C5, 0xD5BD, 0xB4BD, 0xB5BD, 0xD5BD, 0xF7C5, 0x17C6, 0x17C6,
    0x17C6, 0x17C6, 0x17C6, 0x17C6, 0x17C6, 0x17C6, 0x17C6, 0x17C6, 0xF7C5, 0xB6BD, 0xB6BD, 0x34AD,
    0x55AD, 0x75B5, 0x96B5, 0x75B5, 0x75AD, 0x54AD, 0x13A5, 0xF3A4, 0x54AD, 0xF3A4, 0xF3A4, 0xB29C,
    0xB29C, 0x14A5, 0x34AD, 0xD39C, 0x14AD, 0x55B5, 0xF3A4, 0xB29C, 0xD29C, 0xD39C, 0xF3A4, 0x14A5,
    0x14A5, 0x14A5, 0xF3A4, 0x14A5, 0xF3A4, 0x14A5, 0x54AD, 0x54AD, 0x34A5, 0x14A5, 0x14A5, 0xD39C,
    0xF2AC, 0xF2AC, 0xF2AC, 0xF2A4, 0xF2A4, 0xF2A4, 0xF2A4, 0xF2A4, 0xF2A4, 0xF2A4, 0xF2A4, 0xD2A4,
    0xF2A4, 0xD1A4, 0xD1A4, 0xD1A4, 0xD1A4, 0xB19C, 0xB19C, 0xB19C, 0xB19C, 0xB19C, 0xB1A4, 0x919C,
    0x919C, 0x919C, 0x919C, 0xB19C, 0xD1A4, 0xF2A4, 0x33AD, 0xB8DE, 0x99F7, 0x99F7, 0x99F7, 0x99F7,
    0x99F7, 0x99F7, 0x99F7, 0x99F7, 0x99F7, 0x99F7, 0x99F7, 0x99F7, 0x99F7, 0x99F7, 0x79EF, 0x99F7,
    0x99F7, 0x99F7, 0x99F7, 0x78EF, 0xD7DE, 0x38E7, 0x58EF, 0x99F7, 0xB9F7, 0xB9F7, 0x99F7, 0x99EF,
    0x99F7, 0x99F7, 0x99F7, 0x79EF, 0xF8DE, 0x77D6, 0xF5C5, 0x32AD, 0x93B5, 0xD5C5, 0x16C6, 0x16C6,
    0x16C6, 0x16C6, 0xD5BD, 0xB5BD, 0xD5C5, 0xF7C5, 0x17C6, 0x17C6, 0x17C6, 0x17C6, 0x17C6, 0x17C6,
    0x17C6, 0x17C6, 0x17C6, 0x17C6, 0xF7C5, 0xB6BD, 0x95B5, 0x14A5, 0x35AD, 0x34AD, 0x7194, 0xF3A4,
    0x14AD, 0x9294, 0xF39C, 0x14A5, 0xB294, 0xD39C, 0x14A5, 0x13A5, 0x34AD, 0x34AD, 0x34AD, 0x75B5,
    0x14A5, 0xD39C, 0xB29C, 0xD3A4, 0xF3A4, 0xF3A4, 0x14A5, 0x14A5, 0x14A5, 0x14AD, 0x14A5, 0x14A5,
    0xF4A4, 0x14A5, 0x55AD, 0x75AD, 0x55AD, 0x13A5, 0x34A5, 0xF3A4, 0xF2AC, 0xF2AC, 0xF2A4, 0xF2A4,
    0xF2A4, 0xF2A4, 0xF2A4, 0xF2A4, 0xF2A4, 0xF2A4, 0xD2A4, 0xD2A4, 0xD1A4, 0xD1A4, 0xB1A4, 0xB1A4,
    0xB1A4, 0xB19C, 0xB19C, 0xB19C, 0x919C, 0x919C, 0x919C, 0x919C, 0x919C, 0x919C, 0x919C, 0xB19C,
    0xB19C, 0x74B5, 0x18E7, 0x79F7, 0xB9F7, 0xB9F7, 0x99F7, 0x99F7, 0x99F7, 0x99F7, 0x99F7, 0x99F7,
    0x99F7, 0x99F7, 0x99F7, 0x99F7, 0x99EF, 0x99EF, 0x99F7, 0x99F7, 0x99F7, 0x58EF, 0xD6DE, 0x55CE,
    0xD7E6, 0x38E7, 0x99F7, 0x99F7, 0x17E7, 0x96D6, 0x96D6, 0xB7DE, 0xD7DE, 0x17E7, 0x18E7, 0xF7DE,
    0x97D6, 0x36C6, 0xD4BD, 0x93B5, 0x73B5, 0xB4BD, 0xF5C5, 0xF5C5, 0x36CE, 0x36CE, 0xF5C5, 0xB4BD,
    0xD5BD, 0xF6C5, 0x17C6, 0x17C6, 0x17C6, 0x17C6, 0x17C6, 0x17C6, 0x17C6, 0x17C6, 0x17C6, 0x17C6,
    0xF7C5, 0xB6BD, 0x34AD, 0x34AD, 0x14AD, 0x9294, 0xD3A4, 0x14A5, 0xF3A4, 0x14A5, 0xF3A4, 0xF3A4,
    0x14A5, 0x34AD, 0x54AD, 0x34AD, 0x34AD, 0x34AD, 0x54AD, 0x7194, 0xD3A4, 0x13A5, 0xF3A4, 0xF3A4,
    0xF3A4, 0x13A5, 0x14A5, 0x34AD, 0x14A5, 0x14AD, 0xF39C, 0x14A5, 0xF3A4, 0x14A5, 0x55AD, 0x75AD,
    0x75AD, 0x34A5, 0x75B5, 0x13A5, 0xF2AC, 0xF2A4, 0xF2A4, 0xF2A4, 0xF2A4, 0xF2A4, 0xF2A4, 0xF2A4,
    0xF2A4, 0xF2A4, 0xD2A4, 0xD1A4, 0xD1A4, 0xD1A4, 0xB19C, 0xD1A4, 0xB19C, 0xB19C, 0xB19C, 0xB19C,
    0xB19C, 0x919C, 0x919C, 0x919C, 0x919C, 0x919C, 0x909C, 0xB19C, 0x16CE, 0x39EF, 0x78EF, 0x99F7,
    0x99F7, 0x99F7, 0x99F7, 0x99F7, 0x99F7, 0x79EF, 0x99F7, 0x99F7, 0x99F7, 0x79EF, 0x99F7, 0x79EF,
    0x98F7, 0x99F7, 0x98F7, 0x78EF, 0xF7DE, 0x15C6, 0xF5C5, 0x96D6, 0x17E7, 0x79F7, 0xB6D6, 0xD4B5,
    0x53AD, 0x93B5, 0xB4BD, 0xF4BD, 0x35C6, 0x56CE, 0x56CE, 0x36CE, 0x15C6, 0xD5BD, 0xB4BD, 0xB4BD,
    0xF5C5, 0x16C6, 0xF5BD, 0xF5BD, 0x16C6, 0x16C6, 0xD5BD, 0x94B5, 0xB5BD, 0xD6BD, 0xF7C5, 0x17C6,
    0x17C6, 0x17C6, 0x17C6, 0x17C6, 0x17C6, 0x17C6, 0x17C6, 0xF7C5, 0xF7C5, 0x95B5, 0x34A5, 0x54AD,
    0x34AD, 0x13A5, 0x13A5, 0x14A5, 0xF3A4, 0x13A5, 0x14A5, 0x14AD, 0x14AD, 0x34AD, 0x34AD, 0xF3A4,
    0x14A5, 0x34AD, 0xD29C, 0x14A5, 0xF4A4, 0xF3A4, 0x9294, 0xB29C, 0xD39C, 0x14A5, 0x14A5, 0x35AD,
    0x14A5, 0x34AD, 0x34AD, 0x96B5, 0x75AD, 0x96B5, 0xB6BD, 0xD7BD, 0xB6BD, 0x96BD, 0xB6BD, 0xB6B5,
    0xF2A4, 0xF2A4, 0xF2A4, 0xF2A4, 0xF2A4, 0xF2A4, 0xF2A4, 0xD2A4, 0xD2A4, 0xD1A4, 0xD1A4, 0xD1A4,
    0xD1A4, 0xB19C, 0xB1A4, 0xB19C, 0xB19C, 0xB19C, 0xB19C, 0xB19C, 0x919C, 0x919C, 0x919C, 0x919C,
    0x919C, 0x7094, 0x74B5, 0x19E7, 0x79EF, 0x79EF, 0x99F7, 0x99F7, 0x99F7, 0x99F7, 0x99F7, 0x99F7,
    0x99F7, 0x99F7, 0x79EF, 0x99F7, 0x78EF, 0x78EF, 0x98F7, 0x99F7, 0x78EF, 0x17E7, 0xB7DE, 0xF5C5,
    0xB4BD, 0xD7DE, 0x39EF, 0xF7DE, 0x97D6, 0x56CE, 0x56CE, 0x15C6, 0xF5BD, 0xB4BD, 0xB3B5, 0x93AD,
    0x73AD, 0x93B5, 0x93B5, 0xD4BD, 0xB4B5, 0x73B5, 0x53AD, 0x52AD, 0x53AD, 0x73AD, 0x74AD, 0x74AD,
    0x12A5, 0xF29C, 0x12A5, 0x94B5, 0xB5BD, 0xB5BD, 0xB5BD, 0xF7C5, 0x17C6, 0x17C6, 0x17C6, 0x17C6,
    0x17C6, 0x17C6, 0x17C6, 0x17C6, 0xF7C5, 0x96BD, 0x95B5, 0x74AD, 0x34A5, 0x14AD, 0x13A5, 0x13A5,
    0x9194, 0xD3A4, 0xF3A4, 0x55B5, 0x55AD, 0x34AD, 0x14AD, 0x34AD, 0x96B5, 0x34AD, 0x75B5, 0x14AD,
    0x75B5, 0xB6B5, 0xB6BD, 0xB6BD, 0xB6BD, 0xB6BD, 0xB6BD, 0xB7BD, 0xB7BD, 0xD7BD, 0xD7BD, 0xD7BD,
    0xD7BD, 0xD7BD, 0xD7BD, 0xD7BD, 0xD7BD, 0xD7BD, 0xD7BD, 0xD6BD, 0xF2A4, 0xF2A4, 0xF2A4, 0xF2A4,
    0xF2A4, 0xD2A4, 0xD2A4, 0xD1A4, 0xD1A4, 0xD1A4, 0xB1A4, 0xD1A4, 0xB1A4, 0xB19C, 0xB19C, 0xB19C,
    0xB19C, 0xB19C, 0xB19C, 0x919C, 0x919C, 0x919C, 0x909C, 0x909C, 0xB094, 0x77D6, 0x38EF, 0x79EF,
    0x79EF, 0x79EF, 0x99F7, 0x79EF, 0x79EF, 0x99F7, 0x79EF, 0x79EF, 0x79EF, 0x79EF, 0x78EF, 0x78EF,
    0x78EF, 0x98F7, 0x78EF, 0xF7DE, 0x56CE, 0x76CE, 0xB4B5, 0x56CE, 0x38E7, 0xF8DE, 0xD5BD, 0xF5BD,
    0xF5BD, 0x15C6, 0x56CE, 0x76CE, 0x97CE, 0x77CE, 0x56CE, 0x15C6, 0xF5BD, 0xD4BD, 0xD4BD, 0xB4BD,
    0x94B5, 0x53AD, 0x52AD, 0x31A5, 0xCC83, 0xAD73, 0x9094, 0xD19C, 0x7094, 0x4F8C, 0xB19C, 0x54AD,
    0xB5B5, 0xF6C5, 0x16C6, 0x17C6, 0x17C6, 0x17C6, 0x17C6, 0x17C6, 0x17C6, 0x17C6, 0x17C6, 0x17C6,
    0xF7C5, 0xB6BD, 0xB6BD, 0x75B5, 0x75B5, 0x75B5, 0x34AD, 0x75B5, 0x96BD, 0xB6BD, 0xB6BD, 0xB6BD,
    0x96B5, 0x96B5, 0xF7C5, 0xB6BD, 0xB6BD, 0xD7BD, 0xB6BD, 0xD7C5, 0xF7C5, 0xD7C5, 0xF7C5, 0xD7C5,
    0xD7C5, 0xD7BD, 0xD7BD, 0xD7C5, 0xD7C5, 0xD7BD, 0xD7BD, 0xD7BD, 0xD7C5, 0xD7BD, 0xD6BD, 0xD7BD,
    0xD7BD, 0xD7BD, 0xD7BD, 0xD7BD, 0xF2A4, 0xF2A4, 0xD2A4, 0xF2A4, 0xD2A4, 0xD1A4, 0xD1A4, 0xD1A4,
    0xD1A4, 0xD1A4, 0xB1A4, 0xB1A4, 0xD1A4, 0xB19C, 0xB19C, 0xB19C, 0x919C, 0x919C, 0x919C, 0xB19C,
    0x919C, 0x919C, 0x719C, 0xF1A4, 0xB8DE, 0x18EF, 0x79EF, 0x79EF, 0x78EF, 0x78EF, 0x98EF, 0x78EF,
    0x78EF, 0x78EF, 0x78EF, 0x78EF, 0x78EF, 0x78EF, 0x78EF, 0x78EF, 0x78EF, 0x58EF, 0xB7DE, 0x76CE,
    0x35CE, 0xF4C5, 0xF8DE, 0x18E7, 0xD4BD, 0x9094, 0x12A5, 0x93B5, 0xD4BD, 0x36CE, 0x76CE, 0x97D6,
    0xD7DE, 0xD7DE, 0xD7DE, 0xB7D6, 0x76CE, 0x36C6, 0x15C6, 0xD4BD, 0x93B5, 0x73AD, 0x32A5, 0x4E8C,
    0xEB6A, 0x2C63, 0x2C6B, 0xAD7B, 0x2F8C, 0x4F8C, 0x7094, 0xF2A4, 0x94AD, 0xF6BD, 0x37C6, 0x17C6,
    0x17C6, 0xF6C5, 0x17C6, 0x17C6, 0x17C6, 0x17C6, 0x17C6, 0x17C6, 0xF7C5, 0xD6BD, 0xF7C5, 0xD6BD,
    0xD6BD, 0xB6BD, 0xD7BD, 0xF7C5, 0xF7C5, 0xF7C5, 0xF7C5, 0xF7C5, 0xF7C5, 0xF7C5, 0xF7C5, 0xF7C5,
    0xF7C5, 0xF7C5, 0xF7C5, 0xF7C5, 0xF7C5, 0xF7C5, 0xD7C5, 0xF7C5, 0xF7C5, 0xF7C5, 0xD7C5, 0xD7BD,
    0xD7C5, 0xD7BD, 0xD7BD, 0xD7BD, 0xD7BD, 0xD7BD, 0xD6BD, 0xD6BD, 0xD7BD, 0xD6BD, 0xB6BD, 0xB6BD,
    0xF2A4, 0xF2A4, 0xF2A4, 0xD2A4, 0xD2A4, 0xD2A4, 0xD1A4, 0xD1A4, 0xD1A4, 0xB1A4, 0xB1A4, 0xB19C,
    0xB1A4, 0xB1A4, 0xB19C, 0x919C, 0x919C, 0x919C, 0x919C, 0x919C, 0x909C, 0x709C, 0xD2A4, 0x97D6,
    0x19E7, 0x58EF, 0x78EF, 0x78EF, 0x78EF, 0x78EF, 0x78EF, 0x78EF, 0x78EF, 0x78EF, 0x78EF, 0x78EF,
    0x78EF, 0x78EF, 0x78EF, 0x78EF, 0x17E7, 0xB7D6, 0x36CE, 0x76CE, 0xB7D6, 0x18DF, 0x96CE, 0xB19C,
    0x4F8C, 0x308C, 0x108C, 0x518C, 0xD29C, 0xD4BD, 0x36C6, 0x76D6, 0xB7D6, 0xF7DE, 0x17E7, 0x38E7,
    0xF7DE, 0xD7DE, 0x97D6, 0x56CE, 0xF5BD, 0xB3B5, 0xB4B5, 0x12A5, 0xB09C, 0xEF7B, 0x6D73, 0x0C63,
    0x0B63, 0x2F8C, 0x9094, 0xF19C, 0x53AD, 0xB4B5, 0xF5BD, 0xF6BD, 0xF6BD, 0xB5B5, 0xD6BD, 0x17C6,
    0x17C6, 0x17C6, 0x17C6, 0x17C6, 0x17C6, 0xF7C5, 0xF7C5, 0xF7C5, 0xF7C5, 0xF7C5, 0xF7C5, 0xF7C5,
    0xF7C5, 0xF7C5, 0xF7C5, 0xF7C5, 0xF7C5, 0xF7C5, 0xF7C5, 0xF7C5, 0xD7BD, 0xF7C5, 0xF7C5, 0xF7C5,
    0xF7C5, 0xF7C5, 0xD7BD, 0xF7C5, 0xF7C5, 0xD7C5, 0xD7C5, 0xB6BD, 0x75B5, 0x75B5, 0x96B5, 0xB6BD,
    0xB6BD, 0xB6B5, 0xB6B5, 0xB6BD, 0xB6B5, 0xB6B5, 0x95B5, 0x96BD, 0xF2A4, 0xF2A4, 0xD1A4, 0xD1A4,
    0xD2A4, 0xD1A4, 0xD1A4, 0xD1A4, 0xB1A4, 0xB19C, 0xB19C, 0xB19C, 0xB19C, 0xB19C, 0x919C, 0x919C,
    0x919C, 0x919C, 0x919C, 0x909C, 0x919C, 0xD2A4, 0x77D6, 0xF8E6, 0x58EF, 0x58EF, 0x78EF, 0x78EF,
    0x78EF, 0x78EF, 0x78EF, 0x78EF, 0x58EF, 0x78EF, 0x78EF, 0x78EF, 0x78EF, 0x78EF, 0x58EF, 0xB6D6,
    0x96D6, 0x56CE, 0x56CE, 0xD7DE, 0xF8E6, 0x73AD, 0x4F8C, 0x2F8C, 0x2F8C, 0x0F84, 0x508C, 0x9194,
    0x508C, 0x33AD, 0x93B5, 0x15C6, 0x56CE, 0x97D6, 0xF7DE, 0x17E7, 0x78EF, 0x58EF, 0x17E7, 0xF7DE,
    0xB6D6, 0x96D6, 0x56CE, 0x36CE, 0x15C6, 0x94B5, 0xD19C, 0x0B6B, 0xEB62, 0x0B6B, 0x7094, 0xB4B5,
    0x93AD, 0x33A5, 0x74AD, 0x74B5, 0x95B5, 0xB5B5, 0x95B5, 0xD6BD, 0x17C6, 0x17C6, 0x17C6, 0x17C6,
    0x17C6, 0xF7C5, 0xF7C5, 0xF7C5, 0xF7C5, 0xF7C5, 0xF7C5, 0xF7C5, 0xF7C5, 0xF7C5, 0xF7C5, 0xF7C5,
    0xF7C5, 0xD7C5, 0xD6BD, 0xB6BD, 0xB6BD, 0xD6BD, 0xD6BD, 0xB6BD, 0xB6BD, 0xB6B5, 0xD6BD, 0xD7BD,
    0xD7BD, 0xB6BD, 0x55AD, 0x76B5, 0x96B5, 0x96B5, 0x75B5, 0x55AD, 0x34A5, 0x34A5, 0x34A5, 0xF4A4,
    0x13A5, 0x34A5, 0x34AD, 0xF3A4, 0xD2A4, 0xD2A4, 0xD1A4, 0xD1A4, 0xD1A4, 0xB1A4, 0xD1A4, 0xB1A4,
    0xD1A4, 0xB19C, 0xB1A4, 0xB19C, 0xB19C, 0x919C, 0x919C, 0x919C, 0x919C, 0x919C, 0x919C, 0x709C,
    0xD1A4, 0x56CE, 0xD7DE, 0x38E7, 0x58EF, 0x58EF, 0x58EF, 0x58EF, 0x58EF, 0x78EF, 0x58EF, 0x58EF,
    0x58EF, 0x58EF, 0x78EF, 0x78EF, 0x57EF, 0x38E7, 0x35C6, 0xF5C5, 0xD4BD, 0x76CE, 0xF8E6, 0xD7DE,
    0x6F94, 0x2E8C, 0xEE83, 0xCE7B, 0x2F8C, 0x36C6, 0xF5BD, 0xB3B5, 0x52AD, 0x9094, 0xD19C, 0x73AD,
    0xF5BD, 0x36C6, 0x77D6, 0xD7DE, 0x18E7, 0x78EF, 0x79EF, 0x99F7, 0x78EF, 0x38E7, 0xD7DE, 0xD6DE,
    0x76CE, 0xD4BD, 0xD09C, 0x6D73, 0x0B63, 0xCE7B, 0x9094, 0xB4B5, 0xD4BD, 0x33A5, 0xD19C, 0xD19C,
    0x33AD, 0x74B5, 0xB5BD, 0xB5BD, 0xD6BD, 0x17C6, 0x17C6, 0x17C6, 0x17C6, 0xF7C5, 0xF7C5, 0xD6BD,
    0x95B5, 0x95B5, 0x95B5, 0x95B5, 0xB6BD, 0xB6BD, 0xD6BD, 0xD7BD, 0xB6BD, 0x95B5, 0x95B5, 0x95B5,
    0x96B5, 0x75B5, 0x54AD, 0x54AD, 0x54AD, 0x54AD, 0x34A5, 0x34AD, 0x34AD, 0x34AD, 0x55AD, 0x75B5,
    0x95B5, 0xF3A4, 0xF3A4, 0xD39C, 0x14A5, 0x14A5, 0x14A5, 0xF39C, 0xD39C, 0xB294, 0xD39C, 0xF3A4,
    0xD1A4, 0xD1A4, 0xD1A4, 0xD1A4, 0xB1A4, 0xB1A4, 0xB1A4, 0xB1A4, 0xB1A4, 0xB1A4, 0x919C, 0xB19C,
    0xB1A4, 0x919C, 0x919C, 0x919C, 0x919C, 0x919C, 0x919C, 0x909C, 0x36C6, 0xB7DE, 0x18E7, 0x38E7,
    0x38E7, 0x58EF, 0x58EF, 0x38EF, 0x38E7, 0x58EF, 0x38E7, 0x38E7, 0x57EF, 0x58EF, 0x58EF, 0x37E7,
    0xD7DE, 0x92B5, 0x73AD, 0x12A5, 0x76D6, 0x17E7, 0x35CE, 0xED8B, 0x0E8C, 0xED83, 0xAC7B, 0x73AD,
    0xF7DE, 0xB6DE, 0x96D6, 0x35CE, 0xF4C5, 0x73B5, 0xD19C, 0xD19C, 0x53AD, 0xD4BD, 0x15C6, 0x76CE,
    0xD7DE, 0x18E7, 0x79EF, 0x99F7, 0x99F7, 0x99F7, 0x78EF, 0x37E7, 0xB7D6, 0xF4BD, 0xF19C, 0xCE7B,
    0x8E73, 0x9094, 0x32A5, 0x93B5, 0xD4BD, 0xB4B5, 0x32A5, 0x7094, 0x9094, 0x12A5, 0x94B5, 0xB5B5,
    0xB6B5, 0xF6BD, 0x17C6, 0x17C6, 0x17C6, 0xF6C5, 0x95B5, 0x95B5, 0x75B5, 0x54AD, 0x34AD, 0x14AD,
    0x34AD, 0x55AD, 0x75B5, 0x75B5, 0x75B5, 0x75B5, 0x54AD, 0x13A5, 0x7194, 0xF3A4, 0xF3A4, 0x14A5,
    0xF39C, 0xD29C, 0x34AD, 0x55AD, 0x55B5, 0x54AD, 0x34AD, 0xF39C, 0xD39C, 0x14A5, 0xF3A4, 0x14A5,
    0x14A5, 0x14A5, 0xD39C, 0xD39C, 0xD39C, 0xD39C, 0x718C, 0xF39C, 0xD1A4, 0xD1A4, 0xD1A4, 0xD1A4,
    0xB1A4, 0xB1A4, 0xB19C, 0xD1A4, 0xB19C, 0xB1A4, 0x919C, 0x919C, 0x919C, 0x919C, 0x919C, 0x919C,
    0x919C, 0x919C, 0x709C, 0xD5BD, 0x97D6, 0xF8E6, 0x18E7, 0x38E7, 0x38E7, 0x38E7, 0x38E7, 0x38E7,
    0x37E7, 0x37E7, 0x38E7, 0x38E7, 0x58EF, 0x37E7, 0x37E7, 0x75CE, 0xB3BD, 0x51AD, 0x93B5, 0x76CE,
    0xF7DE, 0x73B5, 0x0D84, 0xCD83, 0x8D73, 0x4C73, 0x57CE, 0x38E7, 0x38E7, 0x37E7, 0xF7DE, 0x96D6,
    0x76CE, 0xF4BD, 0x93B5, 0x12A5, 0x9094, 0x12A5, 0xB3B5, 0x15C6, 0x56D6, 0x96D6, 0xF7DE, 0x37E7,
    0x78EF, 0x78EF, 0x78EF, 0x78EF, 0xB7DE, 0x15C6, 0x52AD, 0x2F84, 0xAE73, 0x32A5, 0xB3B5, 0xD4BD,
    0x15C6, 0x15C6, 0xD4BD, 0x12A5, 0x4F8C, 0x9094, 0x12A5, 0x94B5, 0xF6BD, 0xF7BD, 0xF6BD, 0xF6BD,
    0xD6BD, 0xB5BD, 0x95B5, 0x75B5, 0x34AD, 0xB29C, 0x14A5, 0x34AD, 0x34AD, 0x75B5, 0x55B5, 0x55AD,
    0x13A5, 0x518C, 0x9294, 0x13A5, 0x13A5, 0x929C, 0xD3A4, 0xD3A4, 0xF3A4, 0x13A5, 0x13A5, 0x34AD,
    0x14A5, 0x55AD, 0x55AD, 0x34A5, 0x34AD, 0xF3A4, 0xF3A4, 0xD39C, 0xD39C, 0xD39C, 0xF39C, 0xD39C,
    0x9294, 0x9294, 0xF39C, 0x14A5, 0xD1A4, 0xB1A4, 0xD1A4, 0xB1A4, 0xB1A4, 0xB1A4, 0xB19C, 0xB19C,
    0xB19C, 0xB19C, 0x919C, 0x919C, 0x919C, 0x919C, 0x919C, 0x919C, 0x919C, 0x709C, 0x54AD, 0x77D6,
    0xD8DE, 0x18E7, 0x18E7, 0x37E7, 0x37E7, 0x38E7, 0x38E7, 0x38E7, 0x38E7, 0x37E7, 0x37E7, 0x17E7,
    0x17E7, 0x17E7, 0x75CE, 0x15C6, 0xB4BD, 0xF5C5, 0x76CE, 0xD7DE, 0x52AD, 0x9094, 0xCD83, 0x4B73,
    0x2C6B, 0x97D6, 0x18E7, 0x58EF, 0x58EF, 0x58EF, 0x57E7, 0x17E7, 0xB7D6, 0x56CE, 0x15C6, 0xB3B5,
    0x12A5, 0xB194, 0xF1A4, 0x73B5, 0xD4BD, 0x15C6, 0x76CE, 0x97D6, 0xF7E6, 0x38E7, 0x78EF, 0x78EF,
    0xF7DE, 0x35C6, 0x73B5, 0x9094, 0x2C63, 0x12A5, 0xF4BD, 0x36CE, 0x55CE, 0x35C6, 0xF4BD, 0x93AD,
    0xF19C, 0x2E8C, 0xF1A4, 0xB5B5, 0xF6BD, 0x17C6, 0xF6BD, 0xD6BD, 0x95B5, 0xB5BD, 0x95B5, 0x54AD,
    0x34AD, 0x13A5, 0x34AD, 0x14AD, 0x34AD, 0x54AD, 0xF3A4, 0xB29C, 0x34AD, 0x55B5, 0x74B5, 0xD29C,
    0xF3A4, 0x13A5, 0xD29C, 0xB29C, 0xF3A4, 0x13A5, 0x13A5, 0x34AD, 0x96B5, 0x75B5, 0x55AD, 0xB29C,
    0x55AD, 0x14A5, 0x75B5, 0x75AD, 0x55AD, 0x75B5, 0x54AD, 0x95B5, 0x95B5, 0x96B5, 0x75AD, 0x96B5,
    0xD1A4, 0xB1A4, 0xB1A4, 0xB1A4, 0xB1A4, 0xB1A4, 0xB19C, 0xB1A4, 0xB1A4, 0xB19C, 0xB19C, 0x919C,
    0x919C, 0xB19C, 0x919C, 0x919C, 0x709C, 0xF2A4, 0x36C6, 0x97D6, 0xF8E6, 0x18E7, 0x18E7, 0x18E7,
    0x18E7, 0x18E7, 0x18E7, 0x18E7, 0x17E7, 0x17E7, 0x17E7, 0x17E7, 0xF7DE, 0x96D6, 0x35C6, 0x35CE,
    0xF4BD, 0xD8DE, 0xF8DE, 0x15BE, 0xF4BD, 0x73AD, 0xD19C, 0xCE7B, 0xB6D6, 0x17E7, 0x58EF, 0x57EF,
    0x58EF, 0x58EF, 0x58EF, 0x38E7, 0x18E7, 0xB6D6, 0x76CE, 0x15C6, 0xB4B5, 0x53AD, 0x9094, 0x6F8C,
    0x11A5, 0xB3B5, 0xF4BD, 0x36C6, 0x96D6, 0xF7DE, 0x37E7, 0x57EF, 0x17E7, 0x56CE, 0x94B5, 0xD19C,
    0x8D73, 0xF19C, 0xD4BD, 0x76D6, 0xB6D6, 0x76CE, 0x15BE, 0xB4B5, 0x73AD, 0x93B5, 0xD4BD, 0x36C6,
    0x36C6, 0x36C6, 0x16C6, 0xF6C5, 0x95B5, 0x95B5, 0x75B5, 0x54AD, 0x54AD, 0x13A5, 0x13A5, 0x34AD,
    0xF3A4, 0xB29C, 0x34AD, 0x75B5, 0x75B5, 0x75B5, 0x34AD, 0x54AD, 0x34AD, 0x54AD, 0x75B5, 0x95B5,
    0x95B5, 0x96B5, 0xB7BD, 0xD6BD, 0xB6BD, 0x96B5, 0xB6BD, 0xB6BD, 0x95B5, 0xB6BD, 0xD6BD, 0xD6BD,
    0xD6BD, 0xB6BD, 0xD7C5, 0xD7C5, 0xD6BD, 0xD6BD, 0xD6BD, 0xB6BD, 0xB1A4, 0xB1A4, 0xB1A4, 0xB19C,
    0xB19C, 0xB1A4, 0xB19C, 0xB19C, 0xB19C, 0x919C, 0x919C, 0x919C, 0x919C, 0x919C, 0x919C, 0x709C,
    0x919C, 0xF6BD, 0x77CE, 0xB7DE, 0xF8E6, 0x17E7, 0x18E7, 0x17E7, 0x18E7, 0x18E7, 0x17E7, 0x17E7,
    0xF7E6, 0xF7E6, 0xF7DE, 0xF7DE, 0x96D6, 0x15C6, 0x35CE, 0xF4C5, 0xB8DE, 0xF8DE, 0x36C6, 0xD4BD,
    0xD4BD, 0xD4BD, 0xB3B5, 0x17DF, 0x38E7, 0x58EF, 0x58EF, 0x38E7, 0x38E7, 0x38E7, 0x38E7, 0x38E7,
    0x37E7, 0xF7DE, 0x96D6, 0x76CE, 0x56CE, 0x15C6, 0xB4B5, 0x53AD, 0xD19C, 0xD19C, 0x52A5, 0xD5BD,
    0x36C6, 0x76D6, 0xB6DE, 0xF7DE, 0xF7DE, 0x96D6, 0xD4BD, 0x12A5, 0x0E84, 0x74B5, 0x97D6, 0x38E7,
    0x17E7, 0x96D6, 0x35C6, 0xD4BD, 0xF4BD, 0x15C6, 0x36C6, 0x36CE, 0x36C6, 0x16C6, 0xF6C5, 0xF6BD,
    0xB5BD, 0x95B5, 0x34A5, 0x13A5, 0x95B5, 0x75B5, 0x95B5, 0x95B5, 0x95B5, 0xF7C5, 0xD6BD, 0xB6BD,
    0xB6BD, 0xB6BD, 0xB6BD, 0xB6BD, 0xD6BD, 0xD6BD, 0xD6BD, 0xD6BD, 0xD7BD, 0xD7C5, 0xD7C5, 0xD7C5,
    0xF6C5, 0xD6BD, 0xD7C5, 0xD7C5, 0xD7C5, 0xD6C5, 0xD6C5, 0xD6C5, 0xD6BD, 0xD7BD, 0xD7C5, 0xD7C5,
    0xD7C5, 0xD7BD, 0xD6BD, 0xD6BD, 0xB1A4, 0xB1A4, 0xB1A4, 0xB1A4, 0xB19C, 0x919C, 0x919C, 0x919C,
    0x919C, 0x919C, 0x919C, 0x919C, 0x919C, 0x919C, 0x919C, 0x919C, 0x54AD, 0x36C6, 0x97D6, 0xF8E6,
    0xF7E6, 0xF8E6, 0xF7DE, 0x18E7, 0xF7E6, 0xF7E6, 0xF7DE, 0xF7DE, 0xF7DE, 0xF7DE, 0xD7DE, 0xB6D6,
    0x14C6, 0xF5BD, 0x15C6, 0x56CE, 0x97D6, 0xD4BD, 0xB3B5, 0xB4BD, 0xD4BD, 0xD4BD, 0xD7D6, 0x38E7,
    0x38EF, 0x37E7, 0x38E7, 0x38EF, 0x37E7, 0x37E7, 0x37E7, 0x17E7, 0x37E7, 0x17E7, 0x17E7, 0x17E7,
    0xD7DE, 0x76D6, 0x35CE, 0xF5BD, 0x73AD, 0xF19C, 0x9094, 0x32A5, 0xD5BD, 0x15C6, 0x56CE, 0x76D6,
    0x96D6, 0x76D6, 0x35C6, 0xF5C5, 0x36CE, 0x56CE, 0xD7DE, 0xF7DE, 0xB6D6, 0x76CE, 0x35C6, 0x14C6,
    0x14C6, 0x35CE, 0x76D6, 0xB7DE, 0x97D6, 0x56CE, 0x56CE, 0x36C6, 0xF6C5, 0x95B5, 0xD6BD, 0xB6BD,
    0xD6BD, 0xD6BD, 0xF6C5, 0xD6BD, 0xF7C5, 0xF7C5, 0xF7C5, 0xF7C5, 0xD6C5, 0xF7C5, 0xD7C5, 0xF7C5,
    0xF7C5, 0xF7C5, 0xF7C5, 0xD7C5, 0xF7C5, 0xF7C5, 0xD7C5, 0xF7C5, 0xF7C5, 0xF7C5, 0xF7C5, 0xF7C5,
    0xD7C5, 0xF7C5, 0xF7C5, 0xF7BD, 0xF7BD, 0xF7BD, 0xF7BD, 0xF7BD, 0xF7C5, 0xF7C5, 0xD7BD, 0xD7BD,
    0xB1A4, 0xB1A4, 0xB1A4, 0xB19C, 0x919C, 0x919C, 0x919C, 0x919C, 0x919C, 0x919C, 0x919C, 0x919C,
    0x919C, 0x919C, 0x709C, 0xB19C, 0xF6BD, 0x77CE, 0xB7DE, 0xD7E6, 0xF8E6, 0xF8E6, 0xF8DE, 0xF8DE,
    0xF7DE, 0xF7DE, 0xF7DE, 0xF7DE, 0xF7DE, 0xF7DE, 0xD6DE, 0xB3B5, 0x93B5, 0xD4BD, 0x14BE, 0x77CE,
    0x2D84, 0x2F8C, 0xF19C, 0x73AD, 0x93B5, 0x15C6, 0x76CE, 0xD7DE, 0x17E7, 0x37E7, 0x37E7, 0x37E7,
    0x17E7, 0x17E7, 0x17E7, 0x17E7, 0x17E7, 0x38E7, 0x78EF, 0x58EF, 0x18E7, 0xD7DE, 0x97D6, 0x56CE,
    0xF5BD, 0x94B5, 0x12A5, 0xB19C, 0xF29C, 0x53AD, 0xB4B5, 0x15CE, 0x76D6, 0xD7DE, 0x96D6, 0x96D6,
    0x75CE, 0x76CE, 0x96D6, 0xB6D6, 0xB6D6, 0xB6D6, 0xD6D6, 0xB6DE, 0xB6D6, 0xB6D6, 0xF7DE, 0x18E7,
    0x18E7, 0xD7DE, 0x97D6, 0x56CE, 0x56CE, 0x36CE, 0x36C6, 0x16C6, 0x16C6, 0x17C6, 0xF7C5, 0xF7C5,
    0xF7C5, 0xF7C5, 0xF7C5, 0xF7C5, 0xF7C5, 0xF7C5, 0xF7C5, 0xF7C5, 0xF7C5, 0xF7C5, 0xF7C5, 0xF7C5,
    0xF7C5, 0xF7C5, 0xD7C5, 0xF7C5, 0xF7C5, 0xF7C5, 0xF7C5, 0xF7C5, 0xD7C5, 0xF7C5, 0xF7C5, 0xF7BD,
    0xF7BD, 0xF7BD, 0xF7BD, 0xF7BD, 0xF7C5, 0xF7C5, 0xF7C5, 0xD7BD, 0xB1A4, 0xB1A4, 0xB1A4, 0x919C,
    0x919C, 0x919C, 0x919C, 0x919C, 0x919C, 0x919C, 0x919C, 0x919C, 0x919C, 0x709C, 0x909C, 0x33AD,
    0x16C6, 0x77D6, 0xB7DE, 0xD7DE, 0xD7E6, 0xF7E6, 0xD7DE, 0xD7DE, 0xD7DE, 0xF7DE, 0xF7DE, 0xF7DE,
    0xD7DE, 0xD7DE, 0x14C6, 0x15C6, 0xCF9C, 0xF4C5, 0x76D6, 0xAF94, 0x8852, 0x684A, 0x4B6B, 0x6E8C,
    0x119D, 0xB3B5, 0x15C6, 0x55CE, 0x96D6, 0xD7DE, 0xF7DE, 0x17E7, 0xF7DE, 0xF7DE, 0xF7DE, 0xF7DE,
    0x17E7, 0x58EF, 0x58EF, 0x38E7, 0x38E7, 0x37E7, 0xF7DE, 0xB6D6, 0x76CE, 0x15C6, 0xD4B5, 0x32A5,
    0x9094, 0x9194, 0x32AD, 0xB7DE, 0x78EF, 0x17E7, 0xB6D6, 0x95D6, 0x95D6, 0xD6DE, 0x17E7, 0xF6DE,
    0xF6DE, 0xF6DE, 0xF7DE, 0xF7DE, 0xF7DE, 0x17E7, 0x38E7, 0x58EF, 0x38E7, 0x37E7, 0xD7DE, 0x97D6,
    0x76CE, 0x56CE, 0x57CE, 0x37CE, 0x37CE, 0x17C6, 0x17C6, 0xF7C5, 0xF7C5, 0xF7C5, 0xF7C5, 0xF7C5,
    0xF7C5, 0xF7C5, 0xF7C5, 0xF7C5, 0xF7C5, 0xF7C5, 0xF7C5, 0xF7C5, 0xF7C5, 0xF7C5, 0xF7C5, 0xF7C5,
    0xF7C5, 0xF7C5, 0xF7C5, 0xF7C5, 0xF7C5, 0xF7C5, 0xF7C5, 0xF7BD, 0xF7BD, 0xF7BD, 0xF7BD, 0xF7BD,
    0xF7C5, 0xF7C5, 0xF7C5, 0xD7C5, 0xB1A4, 0xB19C, 0x919C, 0x919C, 0x919C, 0x919C, 0x919C, 0x919C,
    0x919C, 0x919C, 0x919C, 0x919C, 0x909C, 0x709C, 0x909C, 0xB5B5, 0x56CE, 0x97D6, 0xB7DE, 0xD7DE,
    0xD7DE, 0xD7DE, 0xD7DE, 0xD7DE, 0xF7DE, 0xF7DE, 0xD7DE, 0xF7DE, 0xD7DE, 0x34CE, 0xD4BD, 0xF1A4,
    0x93B5, 0x35C6, 0x11A5, 0xB094, 0x6A73, 0x8952, 0x684A, 0xA952, 0xAC73, 0xAF94, 0x51AD, 0xB4B5,
    0xF4C5, 0x35CE, 0x96D6, 0xB6DE, 0x96D6, 0xB7D6, 0xD7DE, 0xF6E6, 0x17E7, 0x37E7, 0x37E7, 0x38E7,
    0x38E7, 0x38E7, 0x38E7, 0x17E7, 0xB6D6, 0x76D6, 0x35C6, 0xD4B5, 0x73AD, 0xF5BD, 0xB6D6, 0x17E7,
    0xD6DE, 0x96D6, 0x96D6, 0xF6DE, 0x37E7, 0x37E7, 0x37E7, 0x38E7, 0x38E7, 0x37E7, 0x37E7, 0x38E7,
    0x38E7, 0x58EF, 0x58EF, 0x58EF, 0x58EF, 0x17E7, 0xD7DE, 0x77D6, 0x36CE, 0x36C6, 0x16C6, 0x36C6,
    0x16C6, 0x16C6, 0x17C6, 0x17C6, 0x17C6, 0xF7C5, 0xF7C5, 0xF7C5, 0xF7C5, 0xF7C5, 0xF7C5, 0xF7C5,
    0xF7C5, 0xF7C5, 0xF7C5, 0xF7C5, 0xF7C5, 0xF7C5, 0xF7C5, 0xF7C5, 0xF7C5, 0xF7C5, 0xF7C5, 0xF7C5,
    0xF7C5, 0xF7C5, 0xF7C5, 0xF7BD, 0xF7BD, 0xF7BD, 0xF7C5, 0xF7BD, 0xD7C5, 0xF7C5, 0xF7C5, 0xD7C5,
    0xB19C, 0x919C, 0xB19C, 0x919C, 0x919C, 0x919C, 0x919C, 0x919C, 0x919C, 0x919C, 0x919C, 0x919C,
    0x909C, 0x909C, 0x32AD, 0x15C6, 0x56CE, 0x97D6, 0xB7DE, 0xD7DE, 0xD7DE, 0xD7DE, 0xD7DE, 0xD7DE,
    0xF7DE, 0xF7DE, 0xF7DE, 0xD7DE, 0x96D6, 0x93B5, 0x52AD, 0xCF9C, 0x56CE, 0x15C6, 0xB3BD, 0x52AD,
    0x11A5, 0x2D8C, 0xC95A, 0x484A, 0x2742, 0x0A63, 0x4E8C, 0xEF9C, 0x52A5, 0x93B5, 0xD4BD, 0xD5BD,
    0xF4BD, 0x35C6, 0x55C6, 0x96D6, 0xD6DE, 0xD6DE, 0xF7E6, 0x17E7, 0x37E7, 0x38E7, 0x37E7, 0x38E7,
    0xF7E6, 0xB7DE, 0x76CE, 0x35C6, 0x76CE, 0xB6D6, 0xB6D6, 0x95D6, 0x75CE, 0xF6DE, 0x37E7, 0x58EF,
    0x78EF, 0x78EF, 0x58EF, 0x58EF, 0x58EF, 0x58EF, 0x38E7, 0x37E7, 0x37E7, 0x37E7, 0x17E7, 0x17E7,
    0xB6D6, 0x76D6, 0x56CE, 0x15C6, 0x15C6, 0xD4BD, 0xD4BD, 0xB4BD, 0xB5BD, 0xB5BD, 0xD6BD, 0xD6BD,
    0xF7C5, 0xF7C5, 0xF7C5, 0xF7C5, 0xF7C5, 0xF7C5, 0xF7C5, 0xF7C5, 0xF7C5, 0xF7C5, 0xF7C5, 0xF7C5,
    0xF7C5, 0xF7C5, 0xF7C5, 0xF7C5, 0xF7C5, 0xF7C5, 0xF7C5, 0xF7C5, 0xF7C5, 0xF7C5, 0xF7C5, 0xF7BD,
    0xF7BD, 0xF7BD, 0xF7C5, 0xF7C5, 0xF7C5, 0xF7C5, 0xF7C5, 0xF7C5, 0xB19C, 0xB19C, 0xB19C, 0x919C,
    0x919C, 0x919C, 0x919C, 0x919C, 0x919C, 0x919C, 0x919C, 0x919C, 0x909C, 0xB19C, 0x94B5, 0x15C6,
    0x77D6, 0x97D6, 0xB7D6, 0xB7DE, 0xB7DE, 0xD7DE, 0xB7DE, 0xD7DE, 0xF7DE, 0xD7DE, 0xD7DE, 0x96D6,
    0xB4BD, 0x52AD, 0x31AD, 0xF5BD, 0x76CE, 0x56CE, 0x36CE, 0xF4BD, 0x73B5, 0x31A5, 0x4F8C, 0xAC73,
    0x2842, 0x0742, 0x484A, 0x8B73, 0x4D8C, 0x8F94, 0xD09C, 0xF1A4, 0x32A5, 0x52AD, 0x93AD, 0xD4BD,
    0xF4BD, 0x35C6, 0x35C6, 0x56D6, 0x96D6, 0x96DE, 0xD7DE, 0xF7DE, 0x17E7, 0xF7DE, 0xB6D6, 0xB6D6,
    0xB6D6, 0x96D6, 0x34CE, 0x75CE, 0x37E7, 0x58EF, 0x78EF, 0x99F7, 0x78EF, 0x78EF, 0x78EF, 0x58EF,
    0x58EF, 0x18E7, 0xF7DE, 0xD7DE, 0x96D6, 0x76D6, 0x75CE, 0x35CE, 0x15C6, 0xD4BD, 0x93B5, 0x93B5,
    0x73B5, 0x93AD, 0x73B5, 0x73AD, 0x73AD, 0x94B5, 0x95B5, 0xB5BD, 0xD6BD, 0xF6C5, 0xF7C5, 0xF7C5,
    0xF7C5, 0xF7C5, 0xF7C5, 0xF7C5, 0xF7C5, 0xF7C5, 0xF7C5, 0xF7C5, 0xF7C5, 0xF7C5, 0xF7C5, 0xF7C5,
    0xF7C5, 0xF7C5, 0xF7C5, 0xD7C5, 0xF7C5, 0xF7C5, 0xD7BD, 0xF7BD, 0xF7BD, 0xD7BD, 0xF7C5, 0xF7BD,
    0xD7C5, 0xF7C5, 0xF7C5, 0xF7C5, 0xB19C, 0xB19C, 0xB19C, 0x919C, 0x919C, 0x919C, 0x909C, 0x909C,
    0x909C, 0x909C, 0x709C, 0x909C, 0x709C, 0xD2A4, 0xB4B5, 0x36C6, 0x77D6, 0xB7D6, 0xB7DE, 0xB7DE,
    0xB7DE, 0xD7DE, 0xD7DE, 0xD7DE, 0xD7DE, 0xD7DE, 0xB7D6, 0x15C6, 0x73AD, 0x72B5, 0xF0A4, 0x55CE,
    0xB7DE, 0xB7D6, 0x97D6, 0x36CE, 0xF4BD, 0xB3B5, 0x72AD, 0xB094, 0xED7B, 0x8952, 0x0742, 0xC639,
    0x2742, 0x484A, 0xEA62, 0x4B73, 0xAC73, 0x2D84, 0x8E94, 0xEF9C, 0xF09C, 0x52A5, 0x52AD, 0xB2B5,
    0xD3BD, 0x13C6, 0x15C6, 0x56C6, 0x76CE, 0x96D6, 0xD6DE, 0x96D6, 0x35CE, 0xF3BD, 0xB6D6, 0x58EF,
    0x78EF, 0x78EF, 0x79EF, 0x79EF, 0x78EF, 0x78EF, 0x58EF, 0x37E7, 0xD6DE, 0x75CE, 0x35C6, 0x14C6,
    0xD3BD, 0xB3BD, 0xB3B5, 0x92B5, 0x71AD, 0x51A5, 0x31A5, 0x8E94, 0x4D8C, 0x8E94, 0x8E94, 0xD09C,
    0x12A5, 0x53AD, 0x73AD, 0x94B5, 0xB5BD, 0xD6BD, 0xF6C5, 0xF7C5, 0xF7C5, 0xF7C5, 0xF7C5, 0xF7C5,
    0xF7C5, 0xF7C5, 0xF7C5, 0xF7C5, 0xF7C5, 0xF7C5, 0xD7C5, 0xF7C5, 0xD7C5, 0xF7C5, 0xF7C5, 0xF7C5,
    0xF7C5, 0xD7C5, 0xD7C5, 0xD7C5, 0xD7C5, 0xD7C5, 0xD7C5, 0xD7C5, 0xF7C5, 0xF7C5, 0xD7C5, 0xF7C5,
    0xB19C, 0xB19C, 0x919C, 0x919C, 0x919C, 0x919C, 0x909C, 0x909C, 0x909C, 0x909C, 0x709C, 0x909C,
    0x709C, 0x33AD, 0xF5BD, 0x36CE, 0x77D6, 0xB7D6, 0xB7D6, 0xB7DE, 0xD7DE, 0xD7DE, 0xD7DE, 0xD7DE,
    0xD7DE, 0xB7DE, 0x76CE, 0x72AD, 0x11AD, 0x2D8C, 0x35C6, 0x77CE, 0x97D6, 0xB7D6, 0x97D6, 0x76CE,
    0x56CE, 0x15C6, 0xB4B5, 0x73B5, 0x11A5, 0x6E8C, 0xCD7B, 0x0742, 0xC739, 0xA639, 0xC639, 0xC739,
    0xE739, 0x484A, 0x6852, 0xE95A, 0x0963, 0xAC73, 0x2F84, 0x6F94, 0xCF9C, 0xF09C, 0x51AD, 0x72AD,
    0x14C6, 0xD6DE, 0x96D6, 0x14C6, 0xD2BD, 0xF7E6, 0x57EF, 0x57EF, 0x58EF, 0x78EF, 0x78EF, 0x58EF,
    0x58EF, 0x37E7, 0xF7E6, 0x55CE, 0xF4BD, 0xB4B5, 0x72AD, 0x51AD, 0x31A5, 0xF09C, 0xB09C, 0xAF9C,
    0x6F94, 0x4E8C, 0x0963, 0x2963, 0x2A6B, 0x6B73, 0xA97B, 0x0C84, 0x6F94, 0xF19C, 0x12A5, 0x53AD,
    0x94B5, 0xB5BD, 0xF6C5, 0xF7C5, 0xF7C5, 0xF7C5, 0xF7C5, 0xF7C5, 0xF7C5, 0xF7C5, 0xF7C5, 0xF7C5,
    0xF7C5, 0xF7C5, 0xF7C5, 0xD7C5, 0xD7C5, 0xF7C5, 0xF7C5, 0xF7C5, 0xF7C5, 0xD7C5, 0xD7BD, 0xD7BD,
    0xD7BD, 0xD7C5, 0xD7BD, 0xF7C5, 0xD7C5, 0xD7C5, 0xD7C5, 0xF7C5, 0xB19C, 0x919C, 0xB19C, 0x919C,
    0x919C, 0x919C, 0x909C, 0x909C, 0x909C, 0x909C, 0x709C, 0x709C, 0x909C, 0x94B5, 0xF5C5, 0x57CE,
    0x97D6, 0xB7D6, 0xB7D6, 0xB7DE, 0xD7DE, 0xD8DE, 0xD7DE, 0xD8DE, 0xD8DE, 0x97D6, 0x14C6, 0x31A5,
    0x31A5, 0xF5BD, 0x76CE, 0x96D6, 0x97D6, 0x97D6, 0x97D6, 0x97D6, 0x77D6, 0x56CE, 0x15C6, 0xD4BD,
    0x93B5, 0x52AD, 0xF19C, 0xEE83, 0x0842, 0xC741, 0xC739, 0xA639, 0xA639, 0xA639, 0xC739, 0xA631,
    0xA631, 0xA631, 0xC639, 0x0842, 0xAA5A, 0x6B73, 0xCE83, 0x14C6, 0xB6D6, 0x76CE, 0xD2BD, 0xD2BD,
    0x37E7, 0x57EF, 0x57EF, 0x57EF, 0x58EF, 0x58EF, 0x58EF, 0x37E7, 0xF7DE, 0x96D6, 0xF5C5, 0x92AD,
    0x51A5, 0x11A5, 0x6E94, 0xAB7B, 0xAB73, 0x8B73, 0xAB7B, 0x8B73, 0x4A6B, 0x464A, 0xA431, 0x2542,
    0x874A, 0x8752, 0xE962, 0x4A6B, 0x8A73, 0x0C84, 0x8F9C, 0x12A5, 0x74AD, 0xB5BD, 0xB5BD, 0xD6BD,
    0xF7C5, 0xF7C5, 0xF7C5, 0xF7C5, 0xF7C5, 0xF7C5, 0xF7C5, 0xF7C5, 0xF7C5, 0xF7C5, 0xF7C5, 0xD7C5,
    0xF7C5, 0xD7C5, 0xD7C5, 0xD7C5, 0xF7C5, 0xF7C5, 0xD7C5, 0xD7C5, 0xD7C5, 0xD7C5, 0xD7C5, 0xD7C5,
    0xF7C5, 0xF7C5, 0xD7C5, 0xF7C5, 0xB19C, 0xB19C, 0xB19C, 0x919C, 0x919C, 0x919C, 0x919C, 0x919C,
    0x919C, 0x709C, 0x709C, 0x709C, 0xD19C, 0xB5BD, 0xF5C5, 0x57CE, 0x97D6, 0xB7D6, 0xB8DE, 0xD8DE,
    0xD8DE, 0xF8DE, 0xD7DE, 0xD8DE, 0xB7D6, 0x56CE, 0x72AD, 0x11A5, 0xB3B5, 0x76CE, 0x97CE, 0x77CE,
    0x97D6, 0x77D6, 0x97D6, 0x77D6, 0x76CE, 0x76CE, 0x56CE, 0x36CE, 0x15C6, 0xD4BD, 0x52AD, 0x9094,
    0x0B63, 0xC741, 0xA639, 0xA639, 0xA639, 0xC639, 0xC95A, 0x2B63, 0xA952, 0x0742, 0xE739, 0xE739,
    0xE741, 0x484A, 0x93B5, 0xB6D6, 0x75CE, 0xB2B5, 0xF3BD, 0x37E7, 0x57EF, 0x57EF, 0x57E7, 0x57EF,
    0x57EF, 0x37EF, 0x17E7, 0xD7DE, 0x34C6, 0xB2B5, 0x31A5, 0xF19C, 0x2E8C, 0x296B, 0xC85A, 0x8852,
    0x6852, 0xA95A, 0x8752, 0x274A, 0x4429, 0xA218, 0x8210, 0xC218, 0x2429, 0x8431, 0x474A, 0xA85A,
    0x0963, 0x6A73, 0x4D8C, 0xD09C, 0x53AD, 0x94B5, 0x95B5, 0xB5BD, 0xD6BD, 0xF7C5, 0x17C6, 0xF7C5,
    0xF7C5, 0xF7C5, 0xF7C5, 0xF7C5, 0xF7C5, 0xF7C5, 0xD7C5, 0xF7C5, 0xF7C5, 0xD6BD, 0xD7C5, 0xD6C5,
    0xF7C5, 0xD7C5, 0xD6C5, 0xD7C5, 0xD7C5, 0xD7C5, 0xD7C5, 0xF7C5, 0xF7C5, 0xF7C5, 0xD7C5, 0xD7C5,
    0xB1A4, 0xB19C, 0xB19C, 0xB1A4, 0x909C, 0x919C, 0x919C, 0x919C, 0x919C, 0x919C, 0x919C, 0x709C,
    0x33AD, 0xD5BD, 0x36C6, 0x77D6, 0x97D6, 0xB7DE, 0xD8DE, 0xD8DE, 0xF8DE, 0xF8DE, 0xD7DE, 0xD7DE,
    0xD4C5, 0xD4BD, 0xD4BD, 0xF4BD, 0x35C6, 0x56C6, 0x35C6, 0xD4BD, 0x35C6, 0x56CE, 0x56CE, 0x55CE,
    0x55CE, 0x56CE, 0x76CE, 0x97D6, 0x76CE, 0x14C6, 0x92B5, 0x11A5, 0x2D8C, 0x6952, 0xA639, 0x0842,
    0x0B63, 0x2F84, 0xD094, 0x73AD, 0x93B5, 0x32A5, 0xD09C, 0x8F94, 0x4D8C, 0x36C6, 0x76CE, 0x14C6,
    0x92B5, 0x75CE, 0x37E7, 0x38E7, 0x58EF, 0x58EF, 0x78EF, 0x57EF, 0x37E7, 0xD7DE, 0x76CE, 0x93BD,
    0x30A5, 0xCF9C, 0xEC83, 0x875A, 0xA531, 0x2429, 0xE320, 0xC218, 0xC218, 0x8218, 0x8218, 0x8210,
    0xA210, 0x8210, 0xA218, 0xA218, 0xA218, 0xA218, 0xE320, 0x2329, 0x0642, 0xE962, 0x6B73, 0x0D84,
    0xD09C, 0x12A5, 0x53AD, 0x94B5, 0xB5BD, 0xD6BD, 0xF6C5, 0xF7C5, 0xF7C5, 0xF7C5, 0xF7C5, 0xF7C5,
    0xF6C5, 0xF6C5, 0xF6C5, 0xF7C5, 0xF7C5, 0xF6C5, 0xF6C5, 0xD6C5, 0xF6C5, 0xF6BD, 0xF6C5, 0xD7C5,
    0xF6C5, 0xD6C5, 0xF6C5, 0xD6C5, 0xD6C5, 0xD7C5, 0xD6C5, 0xD6C5, 0xB1A4, 0xB1A4, 0x919C, 0xB19C,
    0x919C, 0x919C, 0x909C, 0x909C, 0x909C, 0x909C, 0x709C, 0x909C, 0x74B5, 0xF5C5, 0x56CE, 0x97D6,
    0xB7D6, 0xB8DE, 0xD8DE, 0xF8DE, 0xF8DE, 0xF8DE, 0xB7DE, 0x56CE, 0xF4BD, 0xD4BD, 0xD4BD, 0x15C6,
    0x56C6, 0xB3B5, 0x11A5, 0x30AD, 0xB2B5, 0xF4BD, 0x14BE, 0x35C6, 0x15C6, 0x56CE, 0x56CE, 0x76CE,
    0x97D6, 0x36C6, 0xD4BD, 0x72AD, 0xD09C, 0x6B73, 0x084A, 0x895A, 0x2F8C, 0xF1A4, 0x52AD, 0xB3BD,
    0xF4BD, 0xF4BD, 0xB3B5, 0x72AD, 0x36C6, 0x56CE, 0xF4BD, 0x71AD, 0x55CE, 0xF7DE, 0x17E7, 0x37E7,
    0x57EF, 0x78EF, 0x57EF, 0x37E7, 0xF7DE, 0x55CE, 0x72B5, 0x10A5, 0xEF9C, 0x4A6B, 0xE441, 0xA218,
    0xA218, 0xC218, 0xC218, 0xA218, 0xA218, 0x8218, 0xA218, 0xA218, 0xA218, 0xA218, 0xA218, 0xA218,
    0xA218, 0xA218, 0xC318, 0xC318, 0x4429, 0x264A, 0x096B, 0x6B73, 0x4D8C, 0xAF94, 0xF1A4, 0x73AD,
    0x94B5, 0x94B5, 0x95B5, 0xB6BD, 0xF7BD, 0xF6BD, 0xF6C5, 0xD7C5, 0xF6C5, 0xF7BD, 0xF7C5, 0xD7C5,
    0xD6C5, 0xD6C5, 0xD6C5, 0xD6C5, 0xD6C5, 0xD6C5, 0xD6C5, 0xD6BD, 0xF6C5, 0xD6BD, 0xF6C5, 0xF6C5,
    0xF6C5, 0xF6C5, 0xF6C5, 0xD6C5, 0xB1A4, 0xB19C, 0xB19C, 0xB19C, 0x919C, 0x919C, 0x919C, 0x919C,
    0x909C, 0x909C, 0x709C, 0xD1A4, 0xB4B5, 0x15C6, 0x77D6, 0x97D6, 0xB7D6, 0xD8DE, 0xD8DE, 0xF8DE,
    0xD8DE, 0xD8DE, 0x97D6, 0x15C6, 0x72B5, 0x52AD, 0x93B5, 0x15C6, 0x11A5, 0x2E84, 0xAC73, 0x4E8C,
    0xD0A4, 0x31A5, 0x92B5, 0xB3B5, 0x15C6, 0x35C6, 0x35C6, 0x56CE, 0x76CE, 0x77D6, 0x35C6, 0xD4BD,
    0x32AD, 0x4F94, 0xC862, 0x4752, 0x0E84, 0x31A5, 0xB3B5, 0xF5C5, 0x35C6, 0x56C6, 0x35C6, 0x56C6,
    0x36CE, 0xF4BD, 0x71AD, 0xD3BD, 0xF7DE, 0x17E7, 0x37E7, 0x58EF, 0x58EF, 0x58EF, 0x17E7, 0xD7DE,
    0x55CE, 0x72AD, 0x0FA5, 0xCE9C, 0x8B7B, 0xC118, 0xA218, 0xA218, 0xA218, 0xA218, 0xC218, 0xA218,
    0xA218, 0xA218, 0xA218, 0xA218, 0x8218, 0xA218, 0xA218, 0xA218, 0xA218, 0xA218, 0xC218, 0xA218,
    0xE320, 0x8531, 0x6852, 0xC862, 0x8A73, 0xEC83, 0xD09C, 0x32A5, 0x53AD, 0x73AD, 0x95B5, 0x95B5,
    0xD6BD, 0xD6BD, 0xF7C5, 0xD7C5, 0xD7C5, 0xD6C5, 0xF7C5, 0xD6C5, 0xD6C5, 0xD6C5, 0xD6C5, 0xD6C5,
    0xD6C5, 0xD6C5, 0xD6C5, 0xD6BD, 0xD6BD, 0xD6BD, 0xF6C5, 0xF6C5, 0xF6C5, 0xF6C5, 0xD6C5, 0xD6C5,
    0xD1A4, 0xB1A4, 0xB1A4, 0xB19C, 0x919C, 0x919C, 0x919C, 0x919C, 0x919C, 0x919C, 0x919C, 0x33AD,
    0xD5BD, 0x36CE, 0x77D6, 0x97D6, 0xB7D6, 0xD8DE, 0xD8DE, 0xD8DE, 0xD8DE, 0xB7D6, 0x56CE, 0xAF9C,
    0x11A5, 0x93B5, 0xD4BD, 0x31AD, 0xED83, 0xC639, 0xE639, 0x2B6B, 0xED83, 0x4E84, 0xD094, 0x31A5,
    0x92B5, 0xB4BD, 0xF4BD, 0x36CE, 0x97D6, 0x97D6, 0x77CE, 0x15C6, 0x93B5, 0x11A5, 0xED83, 0xE641,
    0xEA62, 0x6F94, 0x52AD, 0xD4BD, 0x15C6, 0x76CE, 0x76CE, 0x56CE, 0x15C6, 0x72AD, 0x72AD, 0xB7D6,
    0x17E7, 0x18E7, 0x38E7, 0x38EF, 0x17E7, 0xF7DE, 0xD6DE, 0x15CE, 0x92AD, 0xD0A4, 0xEFA4, 0xCC83,
    0xA118, 0xA118, 0xA218, 0xA218, 0xA218, 0xA218, 0x8118, 0xA218, 0x8110, 0x8218, 0xA218, 0xA218,
    0xA218, 0xA218, 0xA218, 0xA218, 0xA218, 0xC218, 0xA218, 0xA218, 0xA218, 0xE320, 0x8431, 0x274A,
    0xE962, 0x8B7B, 0x4D8C, 0xCF9C, 0xF19C, 0x12A5, 0x53AD, 0x94B5, 0x95B5, 0xB6BD, 0xD6BD, 0xF6C5,
    0xD7BD, 0xD7C5, 0xD6BD, 0xD6C5, 0xD6C5, 0xD6C5, 0xF6C5, 0xF6C5, 0xF6C5, 0xF6C5, 0xF6C5, 0xF6C5,
    0xD6BD, 0xD6BD, 0xF6C5, 0xF6C5, 0xF6C5, 0xF6C5, 0xD6C5, 0xD6C5, 0xB1A4, 0xB19C, 0xB1A4, 0xB19C,
    0xB19C, 0x919C, 0x919C, 0x919C, 0x919C, 0x909C, 0x919C, 0x54B5, 0xD5BD, 0x36CE, 0x77D6, 0x97D6,
    0xB7DE, 0xD8DE, 0xD8DE, 0xD8DE, 0xB7D6, 0x56CE, 0x10A5, 0x10A5, 0x10A5, 0x93AD, 0xF4BD, 0xCF9C,
    0x0963, 0x8531, 0x6531, 0x4429, 0x694A, 0x2B63, 0x0D84, 0x6F8C, 0xF09C, 0x31A5, 0x93B5, 0x15C6,
    0x76CE, 0x97D6, 0x97D6, 0x55CE, 0xF4BD, 0x51AD, 0xAE94, 0x0963, 0xC639, 0x6B73, 0x8F94, 0x52AD,
    0xD4BD, 0x35C6, 0x35CE, 0x35C6, 0x92B5, 0x72AD, 0x96CE, 0xF7DE, 0xF7E6, 0x17E7, 0x17E7, 0x17E7,
    0xF7E6, 0xB6D6, 0x14C6, 0x51AD, 0xEF9C, 0xCE9C, 0xEC83, 0x8118, 0x8110, 0x8218, 0xA218, 0xA218,
    0xA218, 0xA218, 0xA218, 0xA218, 0xA218, 0xA218, 0xA218, 0xC218, 0xC220, 0xA220, 0xC220, 0xC218,
    0xC218, 0xC218, 0xC218, 0xA218, 0xA218, 0xC218, 0xC218, 0x4429, 0x8852, 0x2A6B, 0xAB7B, 0x0C84,
    0x4D8C, 0xD09C, 0x32A5, 0x53AD, 0x95B5, 0xB5B5, 0xD6BD, 0xF6C5, 0xD6BD, 0xD6BD, 0xD6BD, 0xD6BD,
    0xF6C5, 0xF6C5, 0xD6BD, 0xD6BD, 0xD6BD, 0xD6BD, 0xD6BD, 0xD6BD, 0xD6BD, 0xD6BD, 0xD6BD, 0xD6BD,
    0xD6BD, 0xD6BD, 0xD6BD, 0xD6BD, 0xB1A4, 0xB1A4, 0xB1A4, 0xB19C, 0xB1A4, 0x919C, 0x919C, 0x919C,
    0x919C, 0x919C, 0x919C, 0x74B5, 0xF6C5, 0x36CE, 0x77D6, 0x97D6, 0xB8DE, 0xD8DE, 0xD8DE, 0xB7DE,
    0x76D6, 0xB3B5, 0x92AD, 0xF0A4, 0xF0A4, 0xD4BD, 0x11A5, 0xD09C, 0x4D8C, 0x6A73, 0x0642, 0x2429,
    0x0321, 0x4529, 0x684A, 0x0A63, 0xCC7B, 0xF1A4, 0x52AD, 0x73B5, 0xF4BD, 0x56CE, 0x97D6, 0x97D6,
    0x34C6, 0xB2B5, 0x51A5, 0x0C84, 0x6852, 0x2742, 0xAC7B, 0xD09C, 0x72AD, 0xF4BD, 0xF4BD, 0xD3BD,
    0x92B5, 0x34C6, 0xD6D6, 0xF7DE, 0xF7E6, 0x17E7, 0xF7E6, 0xF7DE, 0x96D6, 0xF4C5, 0x30AD, 0xEFA4,
    0xEFA4, 0x0A6B, 0x8118, 0x8218, 0x8218, 0xA218, 0xC220, 0xC220, 0x0329, 0x0329, 0x0329, 0xC320,
    0xC220, 0xC220, 0xC320, 0xC320, 0xE320, 0xE328, 0xC220, 0xE320, 0xE320, 0xC218, 0xC220, 0xC218,
    0xC218, 0xA218, 0xC218, 0x0321, 0xE641, 0xA95A, 0x0A6B, 0x4A6B, 0xEB7B, 0x6E94, 0xD09C, 0x12A5,
    0x53AD, 0x94B5, 0x95B5, 0xB6BD, 0xD6BD, 0xD6BD, 0xD6BD, 0xD6BD, 0xD6BD, 0xD6BD, 0xD6BD, 0xD6BD,
    0xD6BD, 0xD6BD, 0xD6BD, 0xD6BD, 0xD6BD, 0xD6BD, 0xD6BD, 0xD6BD, 0xD6BD, 0xD6BD, 0xD6BD, 0xD6BD,
    0xB1A4, 0xD1A4, 0xB1A4, 0xB1A4, 0xB19C, 0xB1A4, 0x919C, 0x919C, 0x919C, 0x919C, 0xB19C, 0xB4B5,
    0x16C6, 0x56CE, 0x77D6, 0xB7D6, 0xD8DE, 0xD8DE, 0xB7DE, 0x77D6, 0x35C6, 0xF4BD, 0x92B5, 0xD3BD,
    0x93B5, 0xD4BD, 0xD4BD, 0x93B5, 0x52AD, 0xD094, 0x0D84, 0xA95A, 0x4429, 0x0421, 0xE420, 0x6531,
    0xA95A, 0xCD7B, 0x8F8C, 0xF09C, 0x72AD, 0xF4BD, 0x76CE, 0x76CE, 0x56CE, 0x14C6, 0x72AD, 0xEE9C,
    0x6B6B, 0x8631, 0xCA5A, 0x0D84, 0xD09C, 0x92B5, 0xD3BD, 0x92B5, 0xB2B5, 0xB6D6, 0xD7DE, 0xF7E6,
    0x17E7, 0xF7DE, 0xD6DE, 0xB6D6, 0xF4BD, 0x10A5, 0xCFA4, 0xEE9C, 0xA65A, 0x8118, 0x8118, 0xA218,
    0x0229, 0x8441, 0x8441, 0xA549, 0xA449, 0x8549, 0x6441, 0x4439, 0x4439, 0x0329, 0x0329, 0x0329,
    0xE328, 0xE320, 0xE328, 0xE320, 0xE320, 0xE320, 0xC320, 0xC220, 0xC220, 0xC218, 0xC218, 0xE320,
    0x2429, 0xE641, 0x6752, 0x0A6B, 0x8A73, 0xEC83, 0x6E94, 0xD09C, 0x32A5, 0x53AD, 0x94B5, 0xB5B5,
    0xD6BD, 0xD6BD, 0xD6BD, 0xD6BD, 0xD6BD, 0xD6BD, 0xD6BD, 0xD6BD, 0xD6BD, 0xD6BD, 0xD6BD, 0xD6BD,
    0xD6BD, 0xD6BD, 0xD6BD, 0xD6BD, 0xD6BD, 0xD6BD, 0xD6BD, 0xD6BD, 0xD1A4, 0xD1A4, 0xD1A4, 0xD1A4,
    0xB1A4, 0xB1A4, 0xB1A4, 0xB19C, 0x919C, 0x919C, 0xD2A4, 0xD5BD, 0x16C6, 0x56CE, 0x97D6, 0xB7DE,
    0xB8DE, 0xB7DE, 0x97D6, 0x76CE, 0x35C6, 0xF4BD, 0xF4BD, 0x93B5, 0x76CE, 0x76CE, 0x56CE, 0x15C6,
    0xD4BD, 0x72AD, 0xD09C, 0x2D8C, 0x2A63, 0xA531, 0xE318, 0xE318, 0x2429, 0x2742, 0x4A6B, 0x2E84,
    0xF09C, 0x72AD, 0xF4BD, 0x76CE, 0x76CE, 0x35C6, 0xD4BD, 0x50A5, 0x4E8C, 0xA95A, 0xC639, 0x4A6B,
    0x8F94, 0x92B5, 0x92B5, 0x72AD, 0x75CE, 0xB6D6, 0xF7DE, 0xF7E6, 0xF7DE, 0xD7DE, 0x96D6, 0xF4BD,
    0x31AD, 0xEF9C, 0xEFA4, 0x2452, 0xC220, 0x0331, 0xE230, 0xC551, 0x065A, 0x0662, 0x2762, 0x2762,
    0x2762, 0xE761, 0x0762, 0xA551, 0x8549, 0x4441, 0x4441, 0x4439, 0x2431, 0x2329, 0x0329, 0x2429,
    0x0329, 0xE328, 0xC320, 0xC220, 0xC220, 0xC218, 0xC218, 0xC220, 0x0321, 0xA539, 0x064A, 0xA75A,
    0x2A6B, 0x8A7B, 0x2C8C, 0xAF94, 0x12A5, 0x53AD, 0x74AD, 0x95B5, 0xD6BD, 0xD6BD, 0xD6BD, 0xD6BD,
    0xD6BD, 0xD6BD, 0xD6BD, 0xD6BD, 0xD6BD, 0xD6BD, 0xD6BD, 0xD6BD, 0xD6BD, 0xD6BD, 0xD6BD, 0xD6BD,
    0xD6BD, 0xD6BD, 0xD6BD, 0xD6BD, 0xD2A4, 0xD2A4, 0xD2A4, 0xD1A4, 0xD1A4, 0xB1A4, 0xB1A4, 0xB1A4,
    0xB19C, 0xB19C, 0x12AD, 0xD5BD, 0x36C6, 0x57CE, 0x97D6, 0xB7D6, 0xB7DE, 0x97D6, 0x76D6, 0x76CE,
    0x35C6, 0x15C6, 0xD4BD, 0x35C6, 0x76CE, 0x97CE, 0x97CE, 0x76CE, 0x15C6, 0xB3BD, 0x73B5, 0x119D,
    0x4E8C, 0xAC73, 0xA95A, 0x6529, 0xE320, 0x2421, 0xC639, 0x8C6B, 0x2D84, 0xF09C, 0x52AD, 0xF4BD,
    0x55CE, 0x35C6, 0xF4BD, 0x91B5, 0xF09C, 0xAC7B, 0x274A, 0x274A, 0x31A5, 0x92B5, 0x92B5, 0x14C6,
    0x96D6, 0xF7DE, 0x17E7, 0xF7E6, 0xF7DE, 0xB6D6, 0x14C6, 0x31AD, 0xCFA4, 0xEFA4, 0xC86A, 0x4441,
    0x4341, 0x8449, 0xE561, 0x266A, 0x6772, 0x887A, 0x887A, 0xA97A, 0xA97A, 0x6872, 0x4872, 0x486A,
    0x0762, 0x065A, 0xC551, 0xA549, 0x4439, 0x4439, 0x2431, 0x4431, 0x2431, 0x0329, 0xC320, 0xC320,
    0xC220, 0xC220, 0xC220, 0xE220, 0x0329, 0x8531, 0xE641, 0x064A, 0xA862, 0x4A73, 0xEC83, 0x4C8C,
    0xD09C, 0x32A5, 0x73AD, 0x95B5, 0xB5BD, 0xD6BD, 0xD6BD, 0xD6BD, 0xD6BD, 0xD6BD, 0xD6BD, 0xD6BD,
    0xD6BD, 0xD6BD, 0xD6BD, 0xD6BD, 0xD6BD, 0xD6BD, 0xD6BD, 0xD6BD, 0xD6BD, 0xD6BD, 0xD6BD, 0xD6BD,
    0xF2A4, 0xD2A4, 0xD2A4, 0xD1A4, 0xD1A4, 0xD1A4, 0xD1A4, 0xB1A4, 0xB19C, 0xB1A4, 0x33AD, 0xF5BD,
    0x36CE, 0x77CE, 0xB7D6, 0xB7DE, 0x97D6, 0x97D6, 0x76CE, 0x36CE, 0x15C6, 0x15C6, 0x15C6, 0x55CE,
    0x76CE, 0x97D6, 0x76CE, 0x56CE, 0x35C6, 0xF5C5, 0xB3B5, 0x52AD, 0xCF9C, 0x8F94, 0x2E84, 0x2B63,
    0x484A, 0x2321, 0xE318, 0x8531, 0x0963, 0xCC73, 0xAF94, 0x51AD, 0xF4BD, 0x14C6, 0xD3BD, 0x72B5,
    0x52AD, 0x6E94, 0x0A63, 0xED83, 0x52AD, 0x92B5, 0x93B5, 0x76CE, 0xD7DE, 0x17E7, 0x17E7, 0xF7E6,
    0xD7DE, 0x55CE, 0x92B5, 0x10A5, 0xEFA4, 0x6A83, 0x0662, 0xA459, 0xE561, 0x4672, 0x4672, 0x877A,
    0xA882, 0xC882, 0xE98A, 0xE98A, 0xC98A, 0xC98A, 0xA882, 0xA882, 0x897A, 0x4772, 0x4772, 0xC659,
    0xA549, 0x8541, 0x6441, 0x4439, 0x4431, 0x0329, 0xE328, 0xE328, 0xE320, 0xC218, 0xC218, 0xC220,
    0x0329, 0x6431, 0xA539, 0x064A, 0x685A, 0x096B, 0xAB7B, 0x2C8C, 0xAF9C, 0x12A5, 0x53AD, 0x95B5,
    0x95B5, 0xD6BD, 0xD6BD, 0xD6BD, 0xD6BD, 0xD6BD, 0xD6BD, 0xD6BD, 0xD6BD, 0xD6BD, 0xD6BD, 0xD6BD,
    0xD6BD, 0xD6BD, 0xD6BD, 0xD6BD, 0xD6BD, 0xD6BD, 0xD6BD, 0xD6BD, 0xF2A4, 0xF2A4, 0xD2A4, 0xD2A4,
    0xD2A4, 0xD1A4, 0xD2A4, 0xB1A4, 0xB1A4, 0xB1A4, 0x74B5, 0xF6C5, 0x36CE, 0x77CE, 0xB7DE, 0xB7DE,
    0x97D6, 0x97D6, 0x56CE, 0x35C6, 0x15C6, 0x15C6, 0x15BE, 0x36C6, 0x35C6, 0xB4B5, 0xB3B5, 0x94B5,
    0xB3B5, 0xB3BD, 0x72B5, 0x52AD, 0x11A5, 0xAF94, 0x2D84, 0xED7B, 0x4B6B, 0xEA62, 0x2842, 0x4429,
    0x8531, 0x8952, 0x8C73, 0x8F94, 0x31AD, 0x72B5, 0x92B5, 0x72AD, 0x31A5, 0xAF9C, 0x2D8C, 0x71AD,
    0x92B5, 0xB3B5, 0x15C6, 0x77D6, 0xF7DE, 0x38E7, 0x37E7, 0xF7DE, 0x96D6, 0xB3B5, 0x51AD, 0xEFA4,
    0x8E9C, 0x097B, 0x0562, 0x056A, 0x4672, 0x877A, 0x877A, 0xC882, 0xE88A, 0x0993, 0x0993, 0x2A93,
    0x0A93, 0x2A93, 0x2A93, 0xE992, 0xC98A, 0xA882, 0x687A, 0x276A, 0x0662, 0xE659, 0xA549, 0x6441,
    0x4439, 0x2431, 0xE328, 0x0329, 0x0321, 0xC220, 0xC218, 0xC220, 0x0329, 0x6431, 0xA539, 0xE649,
    0x6752, 0x096B, 0xAB7B, 0xEC83, 0x4E94, 0xF1A4, 0x32AD, 0x53AD, 0x95B5, 0xB5BD, 0xD6BD, 0xD6BD,
    0xD6BD, 0xD6BD, 0xD6BD, 0xD6BD, 0xD6BD, 0xD6BD, 0xD6BD, 0xD6BD, 0xD6BD, 0xD6BD, 0xD6BD, 0xD6BD,
    0xD6BD, 0xD6BD, 0xD6BD, 0xD6BD, 0xF2A4, 0xF2A4, 0xF2A4, 0xD2A4, 0xD1A4, 0xD2A4, 0xD2A4, 0xD1A4,
    0xB1A4, 0xD1A4, 0x94B5, 0xF5C5, 0x56CE, 0x97D6, 0xB8DE, 0xB7D6, 0x97D6, 0x77D6, 0x56CE, 0x15C6,
    0xF4BD, 0x15C6, 0x14C6, 0x92B5, 0x10AD, 0x6E94, 0x6C8C, 0x8E94, 0x6D8C, 0x6E94, 0x8E94, 0xCF9C,
    0x6E8C, 0xCC7B, 0x8B6B, 0x2A63, 0xE95A, 0x484A, 0x8531, 0x0321, 0x0321, 0x0421, 0xE739, 0x0A63,
    0x0C84, 0xF09C, 0x31A5, 0x11A5, 0xAF9C, 0x4E8C, 0x10A5, 0xB2B5, 0x93B5, 0x93B5, 0x36C6, 0x97D6,
    0x18E7, 0x38E7, 0x18E7, 0xB7D6, 0xF4BD, 0x72AD, 0xCF9C, 0xEFA4, 0xAA8B, 0x8772, 0x4672, 0x6672,
    0x877A, 0xA87A, 0xA882, 0xC882, 0xE98A, 0x0993, 0x2A93, 0x2A93, 0x4A9B, 0x6B9B, 0x6B9B, 0x4A9B,
    0x2A93, 0x0993, 0xA982, 0x8882, 0x887A, 0x4772, 0x065A, 0xA549, 0x6441, 0x6441, 0x6441, 0x8541,
    0x6439, 0x0329, 0xE320, 0xE320, 0x2429, 0x8531, 0xC541, 0x064A, 0x885A, 0x096B, 0x8B7B, 0x0C8C,
    0x2D8C, 0xD0A4, 0x12A5, 0x53AD, 0x74B5, 0x95B5, 0xD6BD, 0xD6BD, 0xD6BD, 0xD6BD, 0xD6BD, 0xD6BD,
    0xD6BD, 0xD6BD, 0xD6BD, 0xD6BD, 0xD6BD, 0xD6BD, 0xD6BD, 0xD6BD, 0xD6BD, 0xD6BD, 0xD6BD, 0xD6BD,
    0xF2A4, 0xF2A4, 0xF2A4, 0xF2A4, 0xF2A4, 0xD2A4, 0xF2A4, 0xD2A4, 0xB19C, 0x12A5, 0x74B5, 0x15C6,
    0x56CE, 0x97D6, 0x97D6, 0x97D6, 0x97D6, 0x76CE, 0x35C6, 0x14C6, 0x14C6, 0xB3B5, 0x10A5, 0xCC7B,
    0x8852, 0x274A, 0x8852, 0x6852, 0x8852, 0xC95A, 0x0A63, 0x0963, 0x4A6B, 0x4A6B, 0x0A63, 0x884A,
    0xA531, 0x2429, 0x0321, 0x0321, 0x0421, 0x0321, 0x0321, 0x6529, 0x284A, 0x6B7B, 0x8F94, 0xB09C,
    0x4E8C, 0x0C8C, 0x31A5, 0x93B5, 0x93B5, 0xD4BD, 0x56CE, 0x18E7, 0x38EF, 0x18E7, 0xB7D6, 0x14BE,
    0x72B5, 0x0FA5, 0xEFA4, 0x6D94, 0xE97A, 0x4772, 0x4672, 0x677A, 0x877A, 0xA882, 0xC882, 0xC98A,
    0x0993, 0x0993, 0x4A9B, 0x4A9B, 0x6B9B, 0x6BA3, 0x6BA3, 0x6BA3, 0x6BA3, 0x4B9B, 0x4A9B, 0x2A93,
    0xE98A, 0xA982, 0x6872, 0x276A, 0x2762, 0x276A, 0x2762, 0x065A, 0xA549, 0x6431, 0x4429, 0x0329,
    0x6431, 0x8539, 0xC641, 0x4752, 0xA85A, 0x4A73, 0xAB7B, 0x0C8C, 0x0C8C, 0x6F94, 0xD19C, 0x32A5,
    0x53AD, 0x95B5, 0xB5BD, 0xD6BD, 0xD6BD, 0xD6BD, 0xD6BD, 0xD6BD, 0xD6BD, 0xD6BD, 0xD6BD, 0xD6BD,
    0xD6BD, 0xD6BD, 0xD6BD, 0xD6C5, 0xD6BD, 0xD6BD, 0xD6BD, 0xD6BD, 0xF2A4, 0xF2A4, 0xF2A4, 0xD2A4,
    0xF2A4, 0xD2A4, 0xD2A4, 0xD1A4, 0xD1A4, 0x32AD, 0x94BD, 0x16C6, 0x56CE, 0x97D6, 0x97D6, 0x97D6,
    0x77CE, 0x56CE, 0x35C6, 0x14BE, 0xF3BD, 0xB2B5, 0x2C8C, 0xCA5A, 0x6529, 0x0321, 0x0321, 0x0321,
    0x0321, 0x0321, 0x2421, 0x0421, 0x4529, 0x6529, 0xE739, 0xA631, 0x0421, 0xE318, 0x0321, 0xE320,
    0x0321, 0x0321, 0xE318, 0xE318, 0xC318, 0xA639, 0x0B63, 0xED83, 0xAC73, 0xCC7B, 0xF0A4, 0x72B5,
    0xB3B5, 0x35C6, 0xD7DE, 0x18E7, 0xF8E6, 0xB7DE, 0x35C6, 0xB2B5, 0x30AD, 0xCF9C, 0xCEA4, 0x6A83,
    0x4772, 0x2672, 0x6672, 0x877A, 0xA87A, 0xC882, 0xC88A, 0xE98A, 0x0A93, 0x2A93, 0x2A9B, 0x4B9B,
    0x6BA3, 0x8BA3, 0x8CA3, 0xACAB, 0xACAB, 0x8CA3, 0xACA3, 0x6BA3, 0x4B9B, 0x2A93, 0xEA8A, 0xC982,
    0x098B, 0xC982, 0x8872, 0x676A, 0x075A, 0x8541, 0x4431, 0x2329, 0x6431, 0xA539, 0xE649, 0x6752,
    0xC862, 0x4A73, 0xAB7B, 0xEC83, 0xEC83, 0x2D8C, 0xB09C, 0xF1A4, 0x53AD, 0x74B5, 0x95B5, 0xD6BD,
    0xD6BD, 0xD6BD, 0xD6BD, 0xD6BD, 0xD6BD, 0xD6BD, 0xD6BD, 0xD6BD, 0xD6BD, 0xD6BD, 0xD6BD, 0xD6C5,
    0xD6BD, 0xD6BD, 0xD6BD, 0xD6BD, 0xF2AC, 0xF2AC, 0xF2AC, 0xF2A4, 0xF2A4, 0xF2A4, 0xF2A4, 0xD2A4,
    0xD2A4, 0x33AD, 0xB5BD, 0x15C6, 0x77D6, 0x97D6, 0x97D6, 0x97D6, 0x76CE, 0x35CE, 0x14C6, 0x14BE,
    0xD3BD, 0x10AD, 0xCB83, 0x8952, 0x2421, 0xE318, 0x0321, 0x0321, 0x0321, 0x0321, 0x0321, 0xE318,
    0xE318, 0xE320, 0x0321, 0x0421, 0xE318, 0xE318, 0x0321, 0x0321, 0xE318, 0xE318, 0xE320, 0xE320,
    0xE320, 0x0421, 0x0421, 0x484A, 0xCA5A, 0xCD7B, 0x93B5, 0xF4BD, 0xD4BD, 0x97D6, 0xF8E6, 0xF8DE,
    0xB7D6, 0x56CE, 0xD3BD, 0x71B5, 0x10A5, 0xEFA4, 0xEB8B, 0x6672, 0x266A, 0x4672, 0x6672, 0x877A,
    0xA87A, 0xC882, 0xE982, 0xE98A, 0x0993, 0x2A93, 0x2A93, 0x4B9B, 0x6B9B, 0x8CA3, 0xACAB, 0xCCAB,
    0xCCAB, 0xCCAB, 0xCCAB, 0xACAB, 0xACAB, 0x8BAB, 0x6AA3, 0x6BA3, 0x6B9B, 0x2A9B, 0x098B, 0xC882,
    0x4762, 0xC649, 0x6539, 0x2329, 0x6439, 0xC541, 0xE641, 0x885A, 0xC862, 0x2A6B, 0x6A73, 0xAB7B,
    0xCC83, 0xEC83, 0x4E94, 0xD19C, 0x33AD, 0x54AD, 0x95B5, 0xB5BD, 0xD6BD, 0xD6BD, 0xD6BD, 0xD6BD,
    0xD6BD, 0xD6BD, 0xD6BD, 0xD6BD, 0xD6BD, 0xD6BD, 0xD6BD, 0xD6C5, 0xD6C5, 0xD6BD, 0xD6BD, 0xD6BD,
    0xF2AC, 0xF2AC, 0xF2AC, 0xF2A4, 0xF2A4, 0xF2A4, 0xF2A4, 0xF2A4, 0xF2A4, 0x53AD, 0xD5BD, 0x16C6,
    0x77D6, 0x97D6, 0x97D6, 0x77CE, 0x56CE, 0x35C6, 0x14C6, 0xF4BD, 0xD3B5, 0xEFA4, 0x2C8C, 0x6A6B,
    0x4752, 0x4529, 0x2321, 0xE318, 0x0421, 0x0321, 0x0421, 0xE318, 0x0321, 0x0321, 0x0321, 0x0421,
    0x0321, 0xE318, 0x0321, 0xE318, 0xE318, 0xE318, 0x0321, 0x0321, 0xE318, 0x0321, 0x2321, 0x2429,
    0xA631, 0x72AD, 0xF4BD, 0xF4BD, 0x15C6, 0xD8DE, 0xD7DE, 0xB7D6, 0x55CE, 0xF4BD, 0x71AD, 0x0FA5,
    0xEF9C, 0xCFA4, 0xC97A, 0x266A, 0x266A, 0x4672, 0x6672, 0x877A, 0xA87A, 0xC882, 0xC882, 0xE982,
    0x0993, 0x0993, 0x2A93, 0x4B9B, 0x8BA3, 0x8CA3, 0xACAB, 0xCCAB, 0xCCAB, 0xCDAB, 0xCDAB, 0xCDAB,
    0xCDAB, 0xECAB, 0xCCAB, 0xACAB, 0x8BA3, 0x6BA3, 0x6B9B, 0xE882, 0x676A, 0xE651, 0x8539, 0x6439,
    0x8539, 0xE641, 0x064A, 0x4752, 0xC862, 0x296B, 0x4A73, 0x6A73, 0x8B7B, 0xCC83, 0x2D8C, 0xD09C,
    0x12A5, 0x74B5, 0x95B5, 0xB6BD, 0xD6C5, 0xD6BD, 0xD6BD, 0xD6BD, 0xD6BD, 0xD6BD, 0xD6BD, 0xD6C5,
    0xD6C5, 0xD6C5, 0xD6BD, 0xD6BD, 0xD6C5, 0xD6BD, 0xD6BD, 0xD6BD, 0xF2AC, 0xF2AC, 0xF2AC, 0xF2AC,
    0xF2A4, 0xF2A4, 0xF2A4, 0xF2A4, 0xF2A4, 0x73AD, 0xD5BD, 0x56CE, 0x77D6, 0x97D6, 0x97D6, 0x56CE,
    0x35C6, 0x15C6, 0xF4BD, 0xD3BD, 0xB2B5, 0x30A5, 0xAF9C, 0x2D84, 0x6A73, 0xC962, 0x8431, 0x0421,
    0x2421, 0x0321, 0x0321, 0x0321, 0x0321, 0x0421, 0x0421, 0x2421, 0x6531, 0x474A, 0xEA62, 0x2B6B,
    0xA95A, 0xA85A, 0xE641, 0xA531, 0x4429, 0x2421, 0x0321, 0x2429, 0x8E9C, 0xB3BD, 0x14BE, 0x14C6,
    0x76CE, 0x97D6, 0xB7D6, 0x56CE, 0xF5C5, 0x92B5, 0x30A5, 0xEFA4, 0xF0A4, 0x297B, 0x256A, 0x0562,
    0x266A, 0x266A, 0x4672, 0x4672, 0x6772, 0x877A, 0x877A, 0xA882, 0xC882, 0xC882, 0x098B, 0x2A93,
    0x4B9B, 0x6BA3, 0x8CA3, 0xACAB, 0xCCAB, 0xCDAB, 0xEDAB, 0xEDB3, 0xEDB3, 0xECAB, 0xECAB, 0xEDAB,
    0xCCAB, 0xABA3, 0x8B9B, 0x2A8B, 0x676A, 0x275A, 0xA541, 0x8539, 0xC541, 0xE649, 0x064A, 0x4752,
    0xE862, 0x096B, 0x4A73, 0x6A73, 0x8A7B, 0xEC83, 0x0C84, 0x8E9C, 0x12A5, 0x54AD, 0x95B5, 0xB5BD,
    0xD6BD, 0xD6BD, 0xD6BD, 0xD6BD, 0xD6BD, 0xD6BD, 0xF6C5, 0xD6BD, 0xF6C5, 0xD6BD, 0xD6BD, 0xD6BD,
    0xD6C5, 0xD6BD, 0xD6BD, 0xD6BD, 0xF2AC, 0xF2AC, 0xF2AC, 0xF2AC, 0xF2AC, 0xF2AC, 0xF2AC, 0xF2AC,
    0xF2A4, 0x54B5, 0xD5BD, 0x56CE, 0x97D6, 0x97D6, 0x76CE, 0x35CE, 0x14C6, 0xF4BD, 0xF4BD, 0xF4BD,
    0xB3B5, 0x72B5, 0x10A5, 0xAE9C, 0x4D94, 0xAB7B, 0x4A6B, 0x6652, 0x2329, 0x0421, 0xE320, 0x2421,
    0x2421, 0x2421, 0x4429, 0xE739, 0x8952, 0x0A63, 0xCD7B, 0x6F8C, 0xD09C, 0x8F94, 0x2D8C, 0x0D84,
    0xCC7B, 0xAB73, 0x8B73, 0x2C8C, 0xB3BD, 0x15C6, 0x14C6, 0x14C6, 0x77D6, 0x97D6, 0x76CE, 0x15C6,
    0x92B5, 0x30AD, 0xEFA4, 0xF0A4, 0xEC8B, 0xC772, 0xC559, 0xE561, 0x0662, 0x0562, 0x266A, 0x0562,
    0x0562, 0x266A, 0x266A, 0x4772, 0x6772, 0x8772, 0xA87A, 0xA882, 0xE88A, 0xE98A, 0x2993, 0x6B9B,
    0x8CA3, 0xACAB, 0xCCAB, 0xEDAB, 0xEDAB, 0xEDAB, 0xECAB, 0xECAB, 0xCCAB, 0xCCAB, 0x8BA3, 0x0A8B,
    0x686A, 0x275A, 0xE649, 0xA541, 0xC541, 0xE641, 0x264A, 0x675A, 0xE862, 0x296B, 0x496B, 0x6A73,
    0x6A73, 0xCB83, 0x0C8C, 0x6E94, 0xF2A4, 0x33AD, 0x95B5, 0xB6BD, 0xD6BD, 0xD6BD, 0xD6BD, 0xD6BD,
    0xD6BD, 0xD6BD, 0xD6BD, 0xD6BD, 0xD6BD, 0xD6BD, 0xD6BD, 0xD6BD, 0xD6BD, 0xD6BD, 0xD6BD, 0xD6BD,
    0x12AD, 0x12AD, 0xF2AC, 0xF2AC, 0xF2AC, 0xF2AC, 0xF2AC, 0xF2A4, 0xF2A4, 0x74B5, 0xF5BD, 0x76CE,
    0x97D6, 0x97D6, 0x76CE, 0x15C6, 0xF4BD, 0xF4BD, 0xF3BD, 0xD3BD, 0xD3BD, 0xD3BD, 0x92B5, 0x31A5,
    0x8E94, 0x4E8C, 0x4E8C, 0xEC83, 0x2863, 0x6852, 0x4429, 0x2421, 0x0421, 0x4429, 0xE739, 0x8952,
    0x0B63, 0xAC7B, 0x4F94, 0xD09C, 0xAF9C, 0xB09C, 0xD09C, 0xF0A4, 0xB09C, 0x8F94, 0xCF9C, 0xB3B5,
    0xF4C5, 0x14C6, 0xF4BD, 0x35C6, 0x77D6, 0x96D6, 0x35C6, 0xF4BD, 0x51AD, 0x10A5, 0x0FA5, 0xCFA4,
    0x4A83, 0x886A, 0xC559, 0xC559, 0xC559, 0x8451, 0x8451, 0xA451, 0xC551, 0xC559, 0xC559, 0x0562,
    0x065A, 0x0662, 0x276A, 0x266A, 0x6772, 0x877A, 0xC88A, 0x0993, 0x6BA3, 0x8CA3, 0xCCAB, 0x0DAC,
    0x0DAC, 0x0DAC, 0xEDAB, 0xEDAB, 0xCCAB, 0xCCAB, 0x6B9B, 0xC87A, 0x475A, 0x0652, 0xC541, 0xC541,
    0xE649, 0x064A, 0x2752, 0x875A, 0xC862, 0x296B, 0x4A73, 0x4A73, 0x6A73, 0xAB7B, 0x0C84, 0x4E94,
    0xF19C, 0x33AD, 0x95B5, 0xB6BD, 0xD6BD, 0xD6C5, 0xD6BD, 0xD6BD, 0xD6BD, 0xD6BD, 0xD6BD, 0xD6BD,
    0xD6BD, 0xD6BD, 0xD6BD, 0xD6BD, 0xD6BD, 0xD6BD, 0xD6BD, 0xD6BD, 0x13AD, 0x12AD, 0xF2AC, 0xF2AC,
    0xF2AC, 0xF2AC, 0xF2AC, 0xF2AC, 0x12AD, 0x74B5, 0x16C6, 0x76CE, 0x77D6, 0x77D6, 0x56CE, 0x15C6,
    0xF4BD, 0xF3BD, 0xD3BD, 0xD3BD, 0xD3BD, 0xD3BD, 0x92B5, 0x72AD, 0x31AD, 0x10A5, 0xD09C, 0xD0A4,
    0xAF9C, 0x2D8C, 0x8C73, 0x8952, 0x6429, 0x4529, 0x6529, 0x2842, 0x0A63, 0xEE83, 0x4F94, 0xB094,
    0xB09C, 0xD09C, 0x11A5, 0x10A5, 0x31A5, 0x31AD, 0x92B5, 0xB3B5, 0xF4BD, 0xF4BD, 0xD3BD, 0x55CE,
    0x96D6, 0x96D6, 0x35C6, 0xB3BD, 0x51AD, 0x10A5, 0x0FA5, 0x2C94, 0x6A83, 0x2662, 0x8449, 0x6449,
    0x6341, 0x4339, 0x4341, 0x6349, 0x6449, 0x8449, 0x8449, 0x8449, 0x6349, 0x8449, 0xA551, 0xE659,
    0x266A, 0x877A, 0xC882, 0x2993, 0x4A9B, 0x8BA3, 0xCCAB, 0xECAB, 0xEDAB, 0xEDAB, 0xEDAB, 0xECAB,
    0xCCAB, 0x6B9B, 0x098B, 0x676A, 0xE651, 0xA541, 0x8541, 0xC541, 0xE641, 0x264A, 0x2752, 0x875A,
    0xC862, 0x296B, 0x4973, 0x4A73, 0x6A73, 0x8A7B, 0xCB83, 0x2D8C, 0xD19C, 0x33AD, 0x95B5, 0xB5BD,
    0xD6BD, 0xD6BD, 0xD6BD, 0xD6BD, 0xD6BD, 0xD6BD, 0xD6BD, 0xD6BD, 0xD6BD, 0xD6BD, 0xD6BD, 0xD6BD,
    0xD6BD, 0xD6BD, 0xD6BD, 0xD6BD, 0x13AD, 0x12AD, 0xF2AC, 0xF2AC, 0xF2AC, 0xF2AC, 0xF2AC, 0xF2AC,
    0x13AD, 0x94B5, 0x36C6, 0x76D6, 0x77D6, 0x76D6, 0x35C6, 0x14C6, 0xD3BD, 0xF4BD, 0xD3BD, 0xD3BD,
    0xD3BD, 0x92B5, 0x92B5, 0x92B5, 0x92B5, 0x92B5, 0x51AD, 0x52AD, 0x10A5, 0xF0A4, 0xD09C, 0x0D84,
    0xC95A, 0x063A, 0x2421, 0x2429, 0x4429, 0x684A, 0x4B6B, 0xAB73, 0x0E84, 0x4E8C, 0xAF94, 0xD09C,
    0x30A5, 0x71AD, 0x92B5, 0xB3B5, 0xB3BD, 0xB3BD, 0xD3BD, 0x76CE, 0x96D6, 0x76CE, 0xF4C5, 0x92B5,
    0x31AD, 0x10A5, 0xEFA4, 0x0C94, 0x297B, 0xC451, 0x4341, 0x4341, 0x2339, 0x2339, 0x2339, 0x2239,
    0x6449, 0x6449, 0x4341, 0x4341, 0x6349, 0x6349, 0xC551, 0x0662, 0x266A, 0x8782, 0xE88A, 0x2A9B,
    0x4A9B, 0xABA3, 0xCCAB, 0xECAB, 0xEDB3, 0x0DAC, 0xECAB, 0xCCAB, 0x6B9B, 0xE982, 0x6872, 0x0652,
    0x8441, 0x6439, 0x8439, 0xC541, 0xE641, 0x264A, 0x6752, 0x875A, 0xE962, 0x296B, 0x296B, 0x4A73,
    0x4A73, 0x8B7B, 0xEB83, 0x2D8C, 0xD19C, 0x13AD, 0x95B5, 0xB5BD, 0xD6BD, 0xD6BD, 0xD6BD, 0xD6BD,
    0xD6BD, 0xD6BD, 0xD6BD, 0xD6BD, 0xD6BD, 0xD6BD, 0xD6BD, 0xD6BD, 0xD6BD, 0xD6BD, 0xD6BD, 0xD6BD,
    0x13AD, 0x12AD, 0x12AD, 0xF2AC, 0xF2AC, 0xF2AC, 0xF2AC, 0xF2AC, 0x13AD, 0xB5BD, 0x16C6, 0x77D6,
    0x77D6, 0x56CE, 0x35C6, 0xF4BD, 0xD3BD, 0xD3BD, 0xB3BD, 0xB3B5, 0x92B5, 0x92B5, 0x92B5, 0x92B5,
    0x92B5, 0x92B5, 0x92B5, 0xB3B5, 0x92B5, 0x51AD, 0x31AD, 0x10A5, 0x8E94, 0xEB7B, 0xE85A, 0x8431,
    0xC218, 0x2421, 0x8429, 0x674A, 0x0A63, 0x4B6B, 0xEC83, 0x4E8C, 0xAF94, 0x30A5, 0x71AD, 0x71AD,
    0x92B5, 0x92B5, 0x35C6, 0x76CE, 0x97D6, 0x35C6, 0x93B5, 0x51AD, 0x10A5, 0xEFA4, 0xCFA4, 0xAB8B,
    0x886A, 0x8449, 0x4341, 0x6449, 0x6341, 0x4341, 0x6349, 0xA451, 0xA551, 0xA551, 0x065A, 0xE559,
    0x0662, 0x266A, 0x887A, 0xC882, 0xC882, 0xE88A, 0x0993, 0x4A9B, 0x6BA3, 0xACAB, 0xCCAB, 0xCCAB,
    0xECAB, 0xECAB, 0xCCAB, 0x6B9B, 0xE982, 0x8872, 0xE651, 0xC541, 0x8439, 0x6439, 0x8439, 0xC541,
    0x064A, 0x4652, 0x6752, 0xA75A, 0xC862, 0x296B, 0x496B, 0x4A73, 0x4A73, 0x8A7B, 0xEC83, 0x4E94,
    0xD19C, 0x33AD, 0x95B5, 0xB5BD, 0xD6BD, 0xD6BD, 0xD6BD, 0xD6BD, 0xD6BD, 0xD6BD, 0xD6BD, 0xD6BD,
    0xD6BD, 0xD6BD, 0xD6BD, 0xD6BD, 0xD6BD, 0xD6BD, 0xD6BD, 0xD6BD, 0x33AD, 0x13AD, 0x13AD, 0x12AD,
    0xF2AC, 0x12AD, 0xF2AC, 0xF2AC, 0x53B5, 0xD5BD, 0x36CE, 0x76CE, 0x76CE, 0x56CE, 0x35C6, 0x14C6,
    0xD3BD, 0xB3B5, 0x92B5, 0x72B5, 0x72AD, 0x72AD, 0x72AD, 0x72B5, 0x72B5, 0x72B5, 0x92B5, 0xB3B5,
    0xF4BD, 0xD4BD, 0xD4BD, 0xB3B5, 0x51AD, 0x30A5, 0xCF94, 0x2E84, 0x0A6B, 0xC639, 0xE218, 0x2321,
    0x2421, 0x0742, 0x6752, 0x8A73, 0xAB7B, 0x2D8C, 0xAF94, 0x30A5, 0x92B5, 0x92B5, 0x55CE, 0x76CE,
    0x76CE, 0xB3BD, 0x51B5, 0x31AD, 0xF0A4, 0x10A5, 0x6E9C, 0x4983, 0x666A, 0xC559, 0xE559, 0xC559,
    0xE661, 0xE661, 0x266A, 0x677A, 0x6772, 0xC882, 0xA882, 0xC982, 0x2A93, 0x2A93, 0x4A9B, 0x2A93,
    0x2A93, 0x2993, 0x0993, 0x4A9B, 0x8BA3, 0xABA3, 0xCCAB, 0xCCAB, 0xECAB, 0xCCAB, 0x8BA3, 0x2993,
    0xC882, 0x6872, 0x4762, 0xE551, 0xC549, 0x6439, 0xA539, 0xE541, 0x4652, 0x675A, 0x875A, 0xA862,
    0xE962, 0x096B, 0x4A73, 0x6A73, 0x8A7B, 0xAB7B, 0xCC83, 0x4D8C, 0xD19C, 0x33AD, 0x95B5, 0xD6BD,
    0xD6BD, 0xD6BD, 0xD6BD, 0xD6BD, 0xD6C5, 0xD6C5, 0xD6C5, 0xD6C5, 0xD6BD, 0xD6BD, 0xD6BD, 0xD6BD,
    0xD6BD, 0xD6BD, 0xD6BD, 0xD6BD, 0x33AD, 0x33AD, 0x13AD, 0x12AD, 0x12AD, 0x12AD, 0xF2AC, 0xF2AC,
    0x53B5, 0xF6C5, 0x36CE, 0x76CE, 0x76CE, 0x56CE, 0x15C6, 0x14C6, 0xF4BD, 0xB3B5, 0x72B5, 0x51AD,
    0x72AD, 0x72AD, 0x72AD, 0x71AD, 0x72AD, 0x72AD, 0x92B5, 0xB3B5, 0xF4BD, 0x14C6, 0xF5C5, 0xF5C5,
    0xF4BD, 0x93B5, 0x51AD, 0xEF9C, 0x6F8C, 0xAC73, 0xA852, 0xA431, 0x0319, 0x2421, 0xC639, 0x674A,
    0xE962, 0xCC83, 0xAF9C, 0x51AD, 0x71AD, 0xB3BD, 0x55CE, 0x76CE, 0x14C6, 0x92B5, 0x30AD, 0x10AD,
    0xF0A4, 0x10A5, 0xEC93, 0x4983, 0x6672, 0x256A, 0x266A, 0x6772, 0x877A, 0xC882, 0xC98A, 0x0993,
    0x0993, 0x2A93, 0x4A9B, 0x8B9B, 0x6B9B, 0x6B9B, 0x8BA3, 0x4A9B, 0x2993, 0x2993, 0x2A9B, 0x6A9B,
    0x6A9B, 0xABA3, 0xCCAB, 0xCCAB, 0xCCAB, 0xACAB, 0x4A9B, 0x2993, 0xE88A, 0xA882, 0x8772, 0x4762,
    0x265A, 0x2652, 0x2752, 0x4652, 0x4652, 0x675A, 0x875A, 0xA862, 0xE86A, 0x2973, 0x6A73, 0x8B7B,
    0x8B7B, 0xAB7B, 0x0D8C, 0x4D94, 0xD19C, 0x33AD, 0x95B5, 0xB6BD, 0xD6BD, 0xD6BD, 0xD6BD, 0xD6BD,
    0xD6BD, 0xD6BD, 0xD6BD, 0xD6BD, 0xD6BD, 0xD6BD, 0xD6C5, 0xD6BD, 0xD6BD, 0xD6BD, 0xD6BD, 0xD6BD,
    0x33AD, 0x33AD, 0x33AD, 0x12AD, 0x12AD, 0x12AD, 0x12AD, 0x12AD, 0x74B5, 0x16C6, 0x36CE, 0x76CE,
    0x76CE, 0x56CE, 0x35C6, 0x35C6, 0xF4BD, 0xB3BD, 0x93B5, 0x92B5, 0x92B5, 0x72B5, 0x51AD, 0x72AD,
    0x72AD, 0x72B5, 0x92B5, 0x92B5, 0xD3BD, 0xF4BD, 0x15C6, 0x35C6, 0x15C6, 0xF4C5, 0xB4B5, 0x72AD,
    0xF09C, 0x4E8C, 0xEC7B, 0x4A6B, 0x874A, 0x8531, 0xE320, 0x4429, 0x6752, 0x0D84, 0xEF9C, 0x31A5,
    0x71AD, 0x15C6, 0x56CE, 0x55CE, 0xD3BD, 0x31AD, 0x10A5, 0x10A5, 0xEFA4, 0xF0A4, 0xEB93, 0x2983,
    0x877A, 0x6772, 0x877A, 0xC882, 0xE88A, 0x098B, 0x2A93, 0x4B9B, 0x6B9B, 0x6B9B, 0x8BA3, 0x8BA3,
    0x8B9B, 0x6B9B, 0x4A9B, 0x098B, 0xC88A, 0xE992, 0x0993, 0x4A9B, 0x6AA3, 0xACAB, 0xCCAB, 0xCCAB,
    0xCCAB, 0x8BA3, 0x6A9B, 0x4A9B, 0x2A93, 0x0993, 0xE882, 0xA872, 0x6862, 0x6762, 0x465A, 0x475A,
    0x675A, 0x875A, 0xA862, 0xC862, 0x096B, 0x4A73, 0x8B7B, 0xAB7B, 0xAB83, 0xCB83, 0x2D8C, 0x6E94,
    0xF2A4, 0x53AD, 0x95B5, 0xD6BD, 0xD6BD, 0xD6BD, 0xF6C5, 0xD6C5, 0xD6C5, 0xD6C5, 0xD6C5, 0xD6C5,
    0xD6C5, 0xD6BD, 0xD6BD, 0xD6BD, 0xD6BD, 0xD6BD, 0xD6BD, 0xD6BD, 0x33AD, 0x33AD, 0x33AD, 0x13AD,
    0x12AD, 0x12AD, 0x12AD, 0x12AD, 0x94BD, 0xF5C5, 0x56CE, 0x76CE, 0x76CE, 0x56CE, 0x36CE, 0x35C6,
    0x14C6, 0xF3BD, 0xD3BD, 0xB3BD, 0xB3B5, 0xB3B5, 0x92B5, 0x92B5, 0x72B5, 0x72AD, 0x72AD, 0x92B5,
    0xD3BD, 0xF4C5, 0x15C6, 0x15C6, 0x15C6, 0x15C6, 0xF5C5, 0xB3B5, 0x52AD, 0x11A5, 0xAF94, 0x6D8C,
    0xAB73, 0x2B63, 0x6852, 0x4329, 0x2963, 0x4D8C, 0x10A5, 0x30A5, 0x72B5, 0x35C6, 0x35C6, 0x14C6,
    0x92B5, 0x30A5, 0x10A5, 0xF0A4, 0xEFA4, 0x8E9C, 0xAA8B, 0x0983, 0xA882, 0xA782, 0xA882, 0xC88A,
    0x0993, 0x2A93, 0x4A93, 0x6B9B, 0x6B9B, 0x4A9B, 0x4B9B, 0x4B9B, 0x4A9B, 0x0993, 0x8782, 0x677A,
    0xA782, 0xC88A, 0x0993, 0x4A9B, 0x8BA3, 0xCCAB, 0xCCAB, 0xCCAB, 0xACAB, 0x6A9B, 0x4A9B, 0x2A93,
    0x2A93, 0x2A93, 0x4A93, 0x0983, 0xA872, 0x8762, 0x475A, 0x675A, 0x675A, 0x875A, 0xC862, 0xE96A,
    0x4A73, 0x8B7B, 0xAB7B, 0xAB83, 0xAB83, 0xCC83, 0x0C84, 0x6E94, 0xF2A4, 0x74B5, 0xB5B5, 0xB5BD,
    0xD6BD, 0xD6C5, 0xD6C5, 0xD6C5, 0xD6C5, 0xD6C5, 0xD6C5, 0xD6C5, 0xD6C5, 0xD6C5, 0xD6C5, 0xD6C5,
    0xD6BD, 0xD6BD, 0xD6BD, 0xD6BD, 0x33AD, 0x33AD, 0x33AD, 0x13AD, 0x13AD, 0x12AD, 0x12AD, 0x13AD,
    0xB5BD, 0x16C6, 0x56CE, 0x76CE, 0x76CE, 0x56CE, 0x56CE, 0x35C6, 0x35C6, 0x14C6, 0xF3BD, 0xF4C5,
    0xD3BD, 0xD3BD, 0xB3BD, 0x92B5, 0x92B5, 0x72B5, 0x72B5, 0x92B5, 0xB3B5, 0xF4BD, 0x15C6, 0x15C6,
    0x15C6, 0x15C6, 0x15C6, 0xF4BD, 0xB3BD, 0x92B5, 0x31A5, 0x109D, 0x8E94, 0x6D8C, 0xCA7B, 0x6973,
    0x4D8C, 0xAE9C, 0x10A5, 0x30AD, 0xF4BD, 0x35C6, 0x15C6, 0xD3BD, 0x72B5, 0x10AD, 0x10A5, 0xEFA4,
    0xEFA4, 0x4D9C, 0x8A8B, 0x098B, 0xA782, 0x8782, 0xA882, 0xC88A, 0xE98A, 0xE98A, 0xE88A, 0xE88A,
    0xE88A, 0x098B, 0x0993, 0xE98A, 0xC88A, 0xE569, 0xC461, 0x4672, 0x677A, 0xA88A, 0x0A9B, 0x4BA3,
    0x8BA3, 0xCCAB, 0xCCAB, 0xCCAB, 0x8BA3, 0x4A9B, 0x4A93, 0x2A93, 0x4A9B, 0x4A9B, 0x4A9B, 0x0983,
    0xA86A, 0x675A, 0x475A, 0x675A, 0x875A, 0xA762, 0xC862, 0x096B, 0x4A73, 0xAB83, 0xCB83, 0xCC83,
    0xCC83, 0xCC83, 0x0C84, 0x6E94, 0x13A5, 0x74B5, 0x95B5, 0xB5BD, 0xD6BD, 0xD6BD, 0xD6C5, 0xD6C5,
    0xD6C5, 0xD6C5, 0xD6C5, 0xD6C5, 0xD6C5, 0xD6C5, 0xD6C5, 0xD6C5, 0xD6C5, 0xD6C5, 0xD6BD, 0xD6BD,
    0x33AD, 0x33AD, 0x33AD, 0x33AD, 0x13AD, 0x13AD, 0x12AD, 0x53AD, 0xD5BD, 0x36C6, 0x56CE, 0x76CE,
    0x56CE, 0x56CE, 0x56CE, 0x56CE, 0x35C6, 0x35C6, 0x15C6, 0x14C6, 0x14C6, 0x14C6, 0xD4BD, 0xB3BD,
    0x92B5, 0x72B5, 0x72B5, 0x92B5, 0xB3B5, 0xD4BD, 0xF4C5, 0x14C6, 0x15C6, 0x15C6, 0x15C6, 0xF4C5,
    0xF4BD, 0xD3BD, 0x92B5, 0x93B5, 0x30AD, 0xEFA4, 0x8D94, 0xCFA4, 0x10A5, 0x30AD, 0x30AD, 0x51AD,
    0xF4C5, 0x14C6, 0x14C6, 0xB3B5, 0x51AD, 0x10AD, 0x0FA5, 0xEFA4, 0xEFA4, 0x6D9C, 0xCB93, 0x098B,
    0x877A, 0xA782, 0x877A, 0x8782, 0x877A, 0x8782, 0x877A, 0x6672, 0x4672, 0x4672, 0x4672, 0x056A,
    0x4249, 0x4351, 0xE569, 0x467A, 0x6782, 0xE992, 0x2A9B, 0x6BA3, 0x8BAB, 0xCCAB, 0xCCAB, 0xACAB,
    0x4B9B, 0x2A9B, 0x2993, 0x2A93, 0x2A93, 0x2A93, 0x098B, 0x876A, 0x465A, 0x465A, 0x465A, 0x675A,
    0xA762, 0xA862, 0xE86A, 0x0973, 0x8B7B, 0xCC83, 0xCC83, 0xCC83, 0xCC83, 0xEC83, 0x0C84, 0xB09C,
    0x13AD, 0x74AD, 0xB5BD, 0xD5BD, 0xD6BD, 0xD6BD, 0xD6C5, 0xD6BD, 0xD6C5, 0xD6C5, 0xD6C5, 0xD6C5,
    0xD6C5, 0xD6C5, 0xD6C5, 0xD6C5, 0xD6C5, 0xD6BD, 0xD6BD, 0xD6BD, 0x33AD, 0x33AD, 0x33AD, 0x13AD,
    0x13AD, 0x13AD, 0x12AD, 0x74B5, 0xF5C5, 0x36CE, 0x56CE, 0x76CE, 0x76CE, 0x76CE, 0x56CE, 0x56CE,
    0x56CE, 0x55CE, 0x55CE, 0x55CE, 0x55CE, 0x15C6, 0xF4C5, 0xD4BD, 0xB3BD, 0x92B5, 0x92B5, 0x92B5,
    0x92B5, 0xB3BD, 0xD4BD, 0x14C6, 0x15C6, 0x15C6, 0x15C6, 0xF4C5, 0xF4BD, 0xF4BD, 0xF4BD, 0xD4BD,
    0xB3B5, 0x71AD, 0x2FA5, 0x71AD, 0x71B5, 0x30AD, 0x50AD, 0x92B5, 0xF4C5, 0x14C6, 0x15C6, 0xB3B5,
    0x52AD, 0x30AD, 0x10A5, 0xEFA4, 0xEFA4, 0x2C9C, 0xAB93, 0x098B, 0x877A, 0xA782, 0x8782, 0x877A,
    0x677A, 0x677A, 0x667A, 0x467A, 0x2672, 0x056A, 0xA459, 0x2349, 0x4349, 0xE461, 0x2672, 0x8782,
    0xC98A, 0x0993, 0x2A9B, 0x6BA3, 0xABAB, 0xCCAB, 0xACAB, 0x6BA3, 0x4A9B, 0x098B, 0xE88A, 0xA782,
    0xC882, 0xE882, 0x466A, 0x265A, 0x265A, 0x465A, 0x475A, 0x8762, 0xA862, 0xC862, 0x096B, 0x4A73,
    0xAB83, 0xCC83, 0xCC83, 0xCC83, 0xEC83, 0xEC83, 0x2D8C, 0xD09C, 0x33AD, 0x95B5, 0xB5BD, 0xD5BD,
    0xD6BD, 0xD6BD, 0xD6BD, 0xF6C5, 0xD6C5, 0xD6C5, 0xD6C5, 0xD6C5, 0xD6C5, 0xD6C5, 0xD6C5, 0xD6C5,
    0xD6C5, 0xD6BD, 0xD6C5, 0xD6BD, 0x33AD, 0x33B5, 0x33B5, 0x33AD, 0x13AD, 0x12AD, 0x33AD, 0x94BD,
    0x15C6, 0x56CE, 0x76CE, 0x76CE, 0x76CE, 0x76CE, 0x76CE, 0x76CE, 0x76CE, 0x76CE, 0x76CE, 0x76CE,
    0x55CE, 0x55CE, 0x14C6, 0xF4BD, 0xD4BD, 0xB3B5, 0x92B5, 0x92B5, 0x92B5, 0xB3B5, 0xD4BD, 0xF4BD,
    0x15C6, 0xF5C5, 0xF5C5, 0xF4C5, 0xF4BD, 0xF4C5, 0xF4C5, 0xF4C5, 0xF4BD, 0xB3B5, 0x92B5, 0x92B5,
    0x92B5, 0x71AD, 0x71AD, 0xD3BD, 0x14C6, 0x15C6, 0xF4BD, 0x92B5, 0x51B5, 0x10AD, 0x10A5, 0x10A5,
    0xCFA4, 0x2C9C, 0x6A93, 0xC882, 0x677A, 0xA782, 0x877A, 0x8782, 0x8782, 0xA882, 0xC882, 0xA782,
    0x8782, 0x4672, 0xC461, 0xC461, 0x4672, 0x677A, 0x8782, 0xC88A, 0x099B, 0x4BA3, 0x4BA3, 0x8BA3,
    0xACAB, 0xACAB, 0x8CAB, 0x4A9B, 0x0993, 0xA882, 0x877A, 0x4672, 0x466A, 0xE559, 0xC449, 0xC549,
    0x0652, 0x465A, 0x675A, 0xA862, 0xC862, 0xE96A, 0x2A73, 0x6A7B, 0xAB7B, 0xEC83, 0xEC83, 0xEC83,
    0xEC8B, 0xEC8B, 0x4D94, 0xF1A4, 0x73AD, 0x95B5, 0xB5BD, 0xD5BD, 0xD6BD, 0xD6BD, 0xD6BD, 0xD6BD,
    0xD6C5, 0xD6C5, 0xD6C5, 0xD6C5, 0xD6C5, 0xD6C5, 0xD6BD, 0xD6C5, 0xD6BD, 0xD6BD, 0xD6C5, 0xD6BD,
    0x33B5, 0x33B5, 0x33AD, 0x33AD, 0x33AD, 0x33AD, 0x33AD, 0xD5BD, 0x15C6, 0x56CE, 0x76CE, 0x76CE,
    0x76CE, 0x76CE, 0x76CE, 0x76CE, 0x76CE, 0x76CE, 0x76CE, 0x76CE, 0x76CE, 0x56CE, 0x35C6, 0x14C6,
    0xD4BD, 0xB3BD, 0xB3B5, 0x92B5, 0x92B5, 0xB3B5, 0xD3BD, 0xD4BD, 0xF4BD, 0xF4C5, 0xF4BD, 0xF4BD,
    0xF4C5, 0x14C6, 0xF4C5, 0x14C6, 0xF4C5, 0xF4BD, 0xD3BD, 0xB3BD, 0x92B5, 0x71AD, 0x71AD, 0xF4C5,
    0x15C6, 0x15C6, 0xD4BD, 0x92B5, 0x51AD, 0x10AD, 0x10A5, 0x10AD, 0xCEA4, 0xEC93, 0x6A8B, 0xE88A,
    0xC882, 0xC88A, 0xE98A, 0x0993, 0x2993, 0x2993, 0x0993, 0xC98A, 0xA782, 0x677A, 0x467A, 0x677A,
    0xA882, 0xC88A, 0xE992, 0x2A9B, 0x2AA3, 0x4BA3, 0x4BA3, 0x8BA3, 0xACAB, 0xACAB, 0x8CA3, 0x4BA3,
    0x0993, 0xC88A, 0x877A, 0x4672, 0x2662, 0xC551, 0xC449, 0xC549, 0x265A, 0x6762, 0x8762, 0xC862,
    0xC96A, 0x096B, 0x4A7B, 0x8B83, 0xAB83, 0xEC83, 0xCC83, 0xCC83, 0xEC8B, 0x0C8C, 0x4D94, 0x12A5,
    0x74B5, 0xB5BD, 0xD6BD, 0xD6C5, 0xD6BD, 0xD6BD, 0xD6C5, 0xD6C5, 0xD6BD, 0xD6C5, 0xD6C5, 0xD6C5,
    0xD6C5, 0xD6C5, 0xD6C5, 0xD6BD, 0xD6BD, 0xD6C5, 0xD6C5, 0xD6BD, 0x33B5, 0x33AD, 0x33AD, 0x33B5,
    0x33AD, 0x33AD, 0x53B5, 0xD4BD, 0x35C6, 0x76CE, 0x76CE, 0x76CE, 0x56CE, 0x76CE, 0x76CE, 0x76CE,
    0x76CE, 0x76CE, 0x96D6, 0x96D6, 0x76CE, 0x76CE, 0x35C6, 0x15C6, 0xF4C5, 0xD3BD, 0xB3B5, 0x92B5,
    0x92B5, 0xB3B5, 0xB3BD, 0xD4BD, 0xD4BD, 0xF4BD, 0xF4C5, 0x14C6, 0x14C6, 0xF4C5, 0x14C6, 0xF4C5,
    0xF4C5, 0xF4C5, 0xF4BD, 0xD3BD, 0xB2B5, 0x92B5, 0x92B5, 0xF4C5, 0xF4C5, 0xF4BD, 0xB3BD, 0x92B5,
    0x51AD, 0x30AD, 0x10A5, 0xEFA4, 0x8EA4, 0xCB93, 0x6A93, 0xE88A, 0xE88A, 0x0993, 0x4A9B, 0x4A9B,
    0x6BA3, 0x6B9B, 0x4A9B, 0x0A9B, 0xE992, 0xC992, 0xC992, 0xE992, 0xE992, 0x2A9B, 0x4A9B, 0x2AA3,
    0x2AA3, 0x4BA3, 0x6BA3, 0x8BA3, 0x8CAB, 0xACAB, 0x8CAB, 0x4BA3, 0x2A93, 0xC88A, 0xA782, 0x8772,
    0x466A, 0x265A, 0x0652, 0x465A, 0x475A, 0x6762, 0xA862, 0xE96A, 0xE96A, 0x2A73, 0x4B7B, 0x8B83,
    0xAB83, 0xAB83, 0xCC83, 0xCC8B, 0xCC83, 0x0D8C, 0xB09C, 0x12A5, 0x95B5, 0xB6BD, 0xD6BD, 0xD6C5,
    0xD6BD, 0xD6BD, 0xD6BD, 0xD6BD, 0xD6BD, 0xD6BD, 0xD6C5, 0xD6C5, 0xD6C5, 0xD6BD, 0xD6BD, 0xD6BD,
    0xD6BD, 0xD6BD, 0xD6BD, 0xD6C5, 0x33B5, 0x33AD, 0x33AD, 0x33B5, 0x33AD, 0x33B5, 0x74B5, 0xF5C5,
    0x36CE, 0x56CE, 0x76CE, 0x56CE, 0x56CE, 0x56CE, 0x76CE, 0x76CE, 0x76CE, 0x76CE, 0x76CE, 0x76CE,
    0x76CE, 0x76CE, 0x55CE, 0x15C6, 0x14C6, 0xD4BD, 0xB3BD, 0xB3B5, 0xB3B5, 0xB3B5, 0xB3B5, 0xD3BD,
    0xD4BD, 0xF4BD, 0xF4C5, 0x14C6, 0x14C6, 0xF4C5, 0xF4C5, 0x14C6, 0x15C6, 0x14C6, 0xF4C5, 0xD3BD,
    0xB3B5, 0x92B5, 0xB3BD, 0xF4BD, 0xD4BD, 0xD4BD, 0x93B5, 0x71AD, 0x51AD, 0x10AD, 0xEFA4, 0xEFA4,
    0x4D9C, 0xCB93, 0x2993, 0xE98A, 0x0993, 0x4A9B, 0x6BA3, 0x8BA3, 0x8CAB, 0x8BA3, 0x8BA3, 0x2AA3,
    0x2AA3, 0x0A9B, 0x2A9B, 0x2A9B, 0x2AA3, 0x4AA3, 0x6BA3, 0x4AA3, 0x2AA3, 0x4BA3, 0x6BA3, 0xACAB,
    0xACAB, 0xCCAB, 0xCCAB, 0x8CA3, 0x4B9B, 0x0993, 0xE98A, 0xA87A, 0x8772, 0x666A, 0x6762, 0x6762,
    0x6762, 0x8862, 0xC86A, 0xE96A, 0x0973, 0x6B7B, 0x6B83, 0x8B83, 0xAB83, 0xCC83, 0xCC8B, 0xAC83,
    0x0C84, 0x2D8C, 0xD09C, 0x53AD, 0x95B5, 0xB6BD, 0xD6BD, 0xD6C5, 0xD6BD, 0xD6C5, 0xD6C5, 0xD6C5,
    0xD6C5, 0xD6C5, 0xD6BD, 0xD6C5, 0xD6C5, 0xD6C5, 0xD6C5, 0xD6C5, 0xD6C5, 0xD6BD, 0xD6C5, 0xD6BD,
    0x33B5, 0x33AD, 0x33AD, 0x33B5, 0x33B5, 0x33B5, 0x94B5, 0x15C6, 0x56CE, 0x56CE, 0x56CE, 0x56CE,
    0x55CE, 0x35C6, 0x55CE, 0x56CE, 0x56CE, 0x76CE, 0x76CE, 0x76CE, 0x76CE, 0x76CE, 0x55CE, 0x35C6,
    0x14C6, 0xF4BD, 0xD3BD, 0xB3B5, 0x92B5, 0x92B5, 0xB3B5, 0xB3BD, 0xD4BD, 0xF4BD, 0xF4C5, 0xF4C5,
    0xF4BD, 0xF4BD, 0xF4C5, 0x15C6, 0x14C6, 0xF4C5, 0xF4BD, 0xB3BD, 0xB3B5, 0x93B5, 0xD3BD, 0xD4BD,
    0xB3BD, 0xB3BD, 0x92B5, 0x51AD, 0x30AD, 0x10AD, 0xEFA4, 0xCFA4, 0x6D9C, 0x8A93, 0x4A93, 0x098B,
    0x2A9B, 0x4AA3, 0x8BA3, 0xACAB, 0xACAB, 0xABAB, 0xABAB, 0x8BAB, 0x8BAB, 0x4AA3, 0x4BA3, 0x6BAB,
    0x8BAB, 0x6BA3, 0x6BA3, 0x4AA3, 0x4BA3, 0x4BA3, 0x6BAB, 0x8CAB, 0xACAB, 0xACAB, 0xACAB, 0xACAB,
    0x6BA3, 0x4A9B, 0x4A9B, 0xE98A, 0xC87A, 0xA772, 0xA76A, 0xA76A, 0x8762, 0xA86A, 0xC86A, 0xE96A,
    0x4A7B, 0x8B83, 0xAB83, 0x8B83, 0xAB83, 0xAB83, 0xCC8B, 0xCC83, 0x0D8C, 0x4E94, 0x11A5, 0x54AD,
    0xB5B5, 0xD6BD, 0xD6BD, 0xD6C5, 0xD6C5, 0xD6C5, 0xD6C5, 0xD6C5, 0xD6C5, 0xD6C5, 0xD6C5, 0xD6C5,
    0xD6C5, 0xD6C5, 0xD6C5, 0xD6C5, 0xD6C5, 0xD6C5, 0xD6BD, 0xD6BD, 0x33B5, 0x33AD, 0x33AD, 0x33B5,
    0x33B5, 0x53B5, 0xD4BD, 0x15C6, 0x36CE, 0x56CE, 0x56CE, 0x56CE, 0x35C6, 0x34C6, 0x14C6, 0x35C6,
    0x35C6, 0x55CE, 0x55CE, 0x76CE, 0x76CE, 0x55CE, 0x35C6, 0x35C6, 0x14C6, 0xF4BD, 0xD3BD, 0xB3B5,
    0x92B5, 0x92B5, 0xB3B5, 0xD3BD, 0xD3BD, 0xD4BD, 0xF4BD, 0xD4BD, 0xD4BD, 0xF4BD, 0xF4C5, 0xF4C5,
    0xF4C5, 0xF4C5, 0xD3BD, 0xB3BD, 0xB3B5, 0xB3B5, 0xD3BD, 0xB4BD, 0xB3BD, 0xB3B5, 0x92B5, 0x51AD,
    0x10AD, 0x10AD, 0xEFA4, 0xCFA4, 0x2C9C, 0x8A93, 0x2993, 0x0993, 0x2A9B, 0x8BA3, 0xACAB, 0xACAB,
    0xCCAB, 0xACAB, 0xABAB, 0xABAB, 0xABAB, 0x8CAB, 0x8CAB, 0x8BAB, 0x8CAB, 0x8BAB, 0x4BA3, 0x4AA3,
    0x4BA3, 0x6BA3, 0x6BA3, 0x8BA3, 0xACAB, 0xACAB, 0xCDAB, 0xCCAB, 0xACAB, 0x6BA3, 0x4A9B, 0x2A93,
    0x0983, 0xC87A, 0xC76A, 0xA76A, 0xA76A, 0xC86A, 0xC86A, 0x2973, 0x6B7B, 0x8B83, 0x8B83, 0x8B83,
    0x8B83, 0xAB83, 0xAB83, 0xCC83, 0xEC8B, 0x8F94, 0x32A5, 0x74AD, 0xB5BD, 0xD6BD, 0xF6C5, 0xD6C5,
    0xD6C5, 0xD6C5, 0xD6C5, 0xD6C5, 0xD6C5, 0xD6C5, 0xD6C5, 0xD6C5, 0xD6C5, 0xD6C5, 0xD6C5, 0xD6C5,
    0xD6C5, 0xD6C5, 0xD6C5, 0xD6BD, 0x33B5, 0x33B5, 0x33B5, 0x33AD, 0x33B5, 0x53B5, 0xF5C5, 0x15C6,
    0x36CE, 0x36CE, 0x56CE, 0x15C6, 0xF4C5, 0xF4C5, 0xF4C5, 0xF4C5, 0x14C6, 0x14C6, 0x35C6, 0x35C6,
    0x55CE, 0x35C6, 0x35C6, 0x35C6, 0x14C6, 0x14C6, 0xD4BD, 0xB3B5, 0xB3B5, 0x92B5, 0xB3B5, 0xB3B5,
    0xB3B5, 0xB3BD, 0xD3BD, 0xD4BD, 0xD3BD, 0xF4BD, 0xF4BD, 0xF4BD, 0xF4BD, 0xD4BD, 0xB3BD, 0x92B5,
    0xB3B5, 0xB3BD, 0xD4BD, 0xD4BD, 0xB4BD, 0x93B5, 0x72B5, 0x30AD, 0x10AD, 0xEFA4, 0xEFA4, 0xAEA4,
    0x2C9C, 0x6A9B, 0x2993, 0x2A93, 0x6BA3, 0xABAB, 0xABAB, 0xCCAB, 0xCCAB, 0xCCAB, 0xCCAB, 0xCCAB,
    0xCCAB, 0xCDB3, 0xCCAB, 0xACAB, 0x8CAB, 0x8BAB, 0x6BAB, 0x4BA3, 0x6BA3, 0x6BA3, 0x6BA3, 0x6BAB,
    0x8CAB, 0xACAB, 0xACAB, 0xACAB, 0xABAB, 0x8BA3, 0x6BA3, 0x6A9B, 0x098B, 0xE882, 0xC87A, 0xC86A,
    0xA86A, 0xC86A, 0x2A73, 0x4B7B, 0x8B83, 0xAB83, 0xAB83, 0x8B83, 0x8B83, 0xAB83, 0xAC83, 0xCC83,
    0x2D8C, 0xB09C, 0x33AD, 0x95B5, 0xB5BD, 0xD6BD, 0xD6C5, 0xD6C5, 0xD6C5, 0xD6C5, 0xD6C5, 0xD6C5,
    0xD6C5, 0xD6C5, 0xD6C5, 0xD6C5, 0xD6C5, 0xD6C5, 0xD6C5, 0xD6C5, 0xD6C5, 0xD6C5, 0xD6C5, 0xD6BD,
    0x33B5, 0x33AD, 0x33AD, 0x33B5, 0x33B5, 0x94B5, 0xF5C5, 0x15C6, 0x35CE, 0x36C6, 0x35C6, 0xD4BD,
    0xB2B5, 0xB2B5, 0xB2B5, 0xB2B5, 0xB3BD, 0xF3BD, 0xF4C5, 0x14C6, 0x15C6, 0x35C6, 0x35C6, 0x35C6,
    0x15C6, 0x14C6, 0xD4BD, 0xB3BD, 0xB3B5, 0x92B5, 0x92B5, 0xB3B5, 0xB3B5, 0xB3BD, 0xD3BD, 0xD3BD,
    0xD3BD, 0xD4BD, 0xD4BD, 0xD4BD, 0xD4BD, 0xD3BD, 0xB3B5, 0x92B5, 0x92B5, 0xB3BD, 0xD4BD, 0xD4BD,
    0xD4BD, 0xB3B5, 0x72B5, 0x31AD, 0x10AD, 0xEFA4, 0xEFA4, 0x8EA4, 0x0C9C, 0x4993, 0x2993, 0x4A9B,
    0x8BA3, 0xABAB, 0xCCAB, 0xCCAB, 0xCCAB, 0xCCB3, 0xCCB3, 0xEDB3, 0xEDB3, 0xEDB3, 0xEDB3, 0xCCAB,
    0xACAB, 0x8BAB, 0x6BAB, 0x6BA3, 0x6BA3, 0x4AA3, 0x4AA3, 0x6BA3, 0x6BA3, 0x8CAB, 0xACAB, 0xACAB,
    0xACAB, 0x8BAB, 0x8BAB, 0x6B9B, 0x4A93, 0x098B, 0xE87A, 0xC86A, 0xC86A, 0xE972, 0x2A73, 0x6A7B,
    0x8B83, 0x8B83, 0xAB83, 0x8B83, 0x8B83, 0xAC83, 0xCC8B, 0xEC83, 0x4E94, 0xF2A4, 0x54AD, 0xB5BD,
    0xD6BD, 0xF6C5, 0xD6C5, 0xD6C5, 0xD6C5, 0xD6C5, 0xD6C5, 0xD6C5, 0xD6C5, 0xD6C5, 0xD6C5, 0xD6C5,
    0xD6C5, 0xD6C5, 0xD6C5, 0xD6C5, 0xD6C5, 0xD6C5, 0xD6C5, 0xD6BD, 0x33B5, 0x33AD, 0x33AD, 0x33B5,
    0x33B5, 0x94B5, 0xF5C5, 0x15C6, 0x35CE, 0x35C6, 0xF4BD, 0x71AD, 0x50AD, 0x30A5, 0x50AD, 0x51AD,
    0x92B5, 0xB2B5, 0xD3BD, 0xD4BD, 0x14C6, 0x15C6, 0x15C6, 0x15C6, 0x14C6, 0x14C6, 0xF4BD, 0xD3BD,
    0xB3B5, 0x92B5, 0x92B5, 0xB3B5, 0xB3B5, 0xB3B5, 0xB3BD, 0xB3BD, 0xD4BD, 0xD4BD, 0xD4BD, 0xD4BD,
    0xD4BD, 0x93B5, 0x92B5, 0x72B5, 0x72AD, 0xB3B5, 0xD4BD, 0xF4BD, 0xD4BD, 0x93B5, 0x72B5, 0x31AD,
    0x10AD, 0xEFA4, 0xEFA4, 0x4D9C, 0xCC9B, 0x4A93, 0x2993, 0x6A9B, 0xABA3, 0xABAB, 0xCCAB, 0xCCAB,
    0xEDB3, 0xEDB3, 0xEDB3, 0x0DB4, 0xEDB3, 0xEDB3, 0xEDB3, 0xCCAB, 0xACAB, 0x8BAB, 0x8BAB, 0x4AA3,
    0x4AA3, 0x2AA3, 0x4AA3, 0x4BA3, 0x8CAB, 0x8CAB, 0xACAB, 0xCCAB, 0xACAB, 0xACAB, 0xABAB, 0x8BA3,
    0x4A9B, 0x2993, 0x087B, 0xE872, 0xC86A, 0xE972, 0x2A73, 0x6B7B, 0xAB83, 0x8B83, 0xAB83, 0xAC83,
    0x8B83, 0xAC83, 0xAC8B, 0x0D8C, 0x6F94, 0x12A5, 0x74B5, 0xB5BD, 0xD6BD, 0xD6C5, 0xD6C5, 0xD6C5,
    0xD6C5, 0xD6C5, 0xD6C5, 0xD6C5, 0xD6C5, 0xD6C5, 0xD6C5, 0xD6C5, 0xD6C5, 0xD6C5, 0xD6BD, 0xD6BD,
    0xD6C5, 0xD6C5, 0xD6BD, 0xD6BD, 0x33B5, 0x33B5, 0x33B5, 0x33AD, 0x53B5, 0xB5BD, 0xF5C5, 0x35CE,
    0x35C6, 0xF4BD, 0x92B5, 0x30A5, 0xEF9C, 0x0FA5, 0x0FA5, 0x30A5, 0x30A5, 0x71AD, 0x92B5, 0xD3BD,
    0xF4BD, 0xF4BD, 0x14C6, 0x15C6, 0x14C6, 0xF4BD, 0xF4BD, 0xD3BD, 0xB3B5, 0xB3B5, 0xB3B5, 0xB3B5,
    0xB3B5, 0xB3B5, 0xB3B5, 0xB3B5, 0xB3B5, 0xB3BD, 0xB3BD, 0xB3BD, 0xB2B5, 0x92B5, 0x72B5, 0x71AD,
    0x72B5, 0xB3BD, 0xD3BD, 0xD4BD, 0xB3BD, 0x92B5, 0x51AD, 0x30AD, 0x10AD, 0xF0A4, 0xCFA4, 0x4D9C,
    0xCB9B, 0x2993, 0x2993, 0x6A9B, 0x8BA3, 0xABAB, 0xCCAB, 0xCCAB, 0xEDB3, 0xEDB3, 0x0DB4, 0x0DB4,
    0x0DB4, 0x0DB4, 0xEDB3, 0xCCAB, 0xCCAB, 0x8BAB, 0x6BAB, 0x099B, 0xE99A, 0x0A9B, 0x2A9B, 0x4AA3,
    0x4BA3, 0x6BAB, 0xACAB, 0xCCAB, 0xCCAB, 0xCCAB, 0xCCAB, 0xABA3, 0x6A9B, 0x4A93, 0x0983, 0xE972,
    0xC872, 0x0973, 0x6B7B, 0x6B7B, 0x8B83, 0xAB83, 0xAC83, 0xAC83, 0xAC8B, 0xCC8B, 0xED83, 0x0D8C,
    0x909C, 0x33AD, 0x95B5, 0xD6BD, 0xD6C5, 0xD6C5, 0xD6C5, 0xD6C5, 0xD6C5, 0xD6C5, 0xD6C5, 0xD6C5,
    0xD6C5, 0xD6C5, 0xD6C5, 0xD6C5, 0xD6C5, 0xD6C5, 0xD6BD, 0xD6BD, 0xD6BD, 0xD6BD, 0xD6BD, 0xD6BD,
    0x33B5, 0x33B5, 0x33B5, 0x53AD, 0x74B5, 0xB5BD, 0x15C6, 0x15C6, 0xF5C5, 0xB3BD, 0x72AD, 0xEF9C,
    0xEF9C, 0xCE9C, 0xCF9C, 0xEF9C, 0x0FA5, 0x30A5, 0x72B5, 0x92B5, 0xB3BD, 0xD3BD, 0xF4C5, 0xF4C5,
    0x14C6, 0xF4BD, 0xF4BD, 0xD3BD, 0xB3B5, 0xB3B5, 0xB3B5, 0xB3B5, 0x92B5, 0xB3B5, 0x92B5, 0x92B5,
    0xB3B5, 0xB3B5, 0xB3B5, 0x92B5, 0x92B5, 0x71AD, 0x51AD, 0x51AD, 0x72B5, 0xB3B5, 0xB3BD, 0xB3BD,
    0x93B5, 0x72AD, 0x51AD, 0x10A5, 0x10A5, 0xEFA4, 0xCFA4, 0x2C9C, 0x8A93, 0x2993, 0x2993, 0x4A9B,
    0x6AA3, 0xABAB, 0xCCAB, 0xCDB3, 0xEDB3, 0xEDB3, 0x0DB4, 0x0DB4, 0x0DB4, 0xEDB3, 0xEDB3, 0xCCAB,
    0x8CAB, 0x6BAB, 0x2AA3, 0xA892, 0xA892, 0xE99A, 0x2A9B, 0x4AA3, 0x6BA3, 0x6BAB, 0xACAB, 0xCCAB,
    0xCCAB, 0xCCAB, 0xCCAB, 0xCCAB, 0xABA3, 0x4A93, 0x2983, 0x0973, 0x0973, 0x2A7B, 0x6A7B, 0x6A7B,
    0xAB83, 0xAB83, 0x8C83, 0xAC83, 0xAC83, 0xCC8B, 0x2E8C, 0x4E94, 0xF1A4, 0x54AD, 0xB5BD, 0xD6BD,
    0xD6C5, 0xD6C5, 0xF6C5, 0xD6C5, 0xD6C5, 0xF6C5, 0xD6C5, 0xD6C5, 0xD6C5, 0xD6C5, 0xD6C5, 0xD6C5,
    0xD6C5, 0xD6BD, 0xD6BD, 0xF6C5, 0xF6C5, 0xD6BD, 0xD6BD, 0xD6BD, 0x33B5, 0x33B5, 0x33B5, 0x53AD,
    0x74B5, 0xF5BD, 0x15C6, 0xF5C5, 0xD4BD, 0x93B5, 0x30A5, 0x0FA5, 0xCF9C, 0xCE9C, 0xCE9C, 0xCF9C,
    0xEF9C, 0x10A5, 0x51AD, 0x72B5, 0x92B5, 0xB3B5, 0xB3BD, 0xD4BD, 0xF4BD, 0xF4BD, 0xD3BD, 0xD3BD,
    0xD3BD, 0xB3BD, 0xB3B5, 0xB3B5, 0x92B5, 0x92B5, 0x92B5, 0x92B5, 0x92B5, 0x92B5, 0x92B5, 0x92B5,
    0x71AD, 0x51AD, 0x50AD, 0x31AD, 0x72B5, 0x93B5, 0xB3B5, 0xB3B5, 0x92B5, 0x51AD, 0x30AD, 0x10A5,
    0x10A5, 0xEFA4, 0xAEA4, 0x0C94, 0x6A93, 0x2993, 0x499B, 0x6A9B, 0x8BA3, 0xABAB, 0xCCAB, 0xEDB3,
    0xEDB3, 0x0DBC, 0x0DB4, 0x2DB4, 0x0DB4, 0xEDB3, 0xEDB3, 0xCCAB, 0x8BAB, 0xE99A, 0x478A, 0x888A,
    0xC992, 0x099B, 0x2A9B, 0x4AA3, 0x6BA3, 0x8BAB, 0xACAB, 0xCCAB, 0xECAB, 0xECB3, 0xECB3, 0xCCAB,
    0xABA3, 0x6A93, 0x4A83, 0x297B, 0x097B, 0x4A7B, 0x6A7B, 0x8B7B, 0xAB83, 0xAB83, 0x8B83, 0xAC83,
    0xCC83, 0xED8B, 0x2E8C, 0x6F94, 0x12A5, 0x74B5, 0xD6BD, 0xF6C5, 0xD6C5, 0xD6C5, 0xD6C5, 0xD6C5,
    0xD6C5, 0xD6C5, 0xD6C5, 0xD6C5, 0xF6C5, 0xD6C5, 0xD6C5, 0xD6C5, 0xD6C5, 0xD6BD, 0xD6BD, 0xD6BD,
    0xD6BD, 0xD6BD, 0xD6BD, 0xD6BD, 0x33B5, 0x33B5, 0x33B5, 0x53B5, 0x94B5, 0xD5BD, 0xF5C5, 0xF4C5,
    0xB4BD, 0x72AD, 0x10A5, 0xEF9C, 0xCE9C, 0xCE9C, 0xCE9C, 0xCE9C, 0xCE9C, 0xEFA4, 0x10A5, 0x31AD,
    0x71AD, 0x92B5, 0x92B5, 0xB3B5, 0xD3BD, 0xD3BD, 0xD3BD, 0xD3BD, 0xB3BD, 0xB3BD, 0xB3B5, 0xB3B5,
    0x92B5, 0x72B5, 0x72B5, 0x72B5, 0x72B5, 0x92B5, 0x72B5, 0x71AD, 0x51AD, 0x30A5, 0x30A5, 0x30A5,
    0x92B5, 0x92B5, 0x92B5, 0x92B5, 0x51AD, 0x30AD, 0x10A5, 0x10A5, 0xEFA4, 0xEFA4, 0x6D9C, 0xAB93,
    0x4993, 0x0993, 0x499B, 0x6A9B, 0x8AA3, 0xCBAB, 0xCCAB, 0xEDB3, 0xEDB3, 0x0DB4, 0x0DB4, 0x0DB4,
    0x2DB4, 0x0DB4, 0xCCB3, 0x8BAB, 0x0A9B, 0x478A, 0x478A, 0xA892, 0xE99A, 0x2A9B, 0x4AA3, 0x6BA3,
    0x8BAB, 0xACAB, 0xACAB, 0xCCAB, 0xECAB, 0xEDB3, 0xEDB3, 0xECAB, 0xCCA3, 0x6B93, 0x6A83, 0x6A7B,
    0x4A7B, 0x6A7B, 0x6B83, 0x8B83, 0xAB83, 0xAB83, 0x8B83, 0x8B83, 0xEC8B, 0xED8B, 0x2E8C, 0xB09C,
    0x53AD, 0xB5BD, 0xD6BD, 0xF6C5, 0xD6BD, 0xF6C5, 0xD6C5, 0xD6C5, 0xD6C5, 0xD6C5, 0xF6C5, 0xD6C5,
    0xD6BD, 0xF6C5, 0xF6C5, 0xD6BD, 0xD6BD, 0xD6BD, 0xD6BD, 0xD6BD, 0xD6BD, 0xD6BD, 0xD6BD, 0xD6BD,
    0x33B5, 0x33B5, 0x33B5, 0x53B5, 0xB4BD, 0xD5BD, 0xF5C5, 0xD4BD, 0x93B5, 0x51AD, 0x0FA5, 0xEF9C,
    0xCE9C, 0xCE9C, 0xCE9C, 0xCE9C, 0xCE9C, 0xEF9C, 0x0FA5, 0x10A5, 0x30A5, 0x51AD, 0x92B5, 0x92B5,
    0xB3B5, 0xD3BD, 0xB3B5, 0xB3BD, 0xB3BD, 0xB3B5, 0xB3B5, 0xB3B5, 0x92B5, 0x71AD, 0x71AD, 0x71AD,
    0x71AD, 0x71AD, 0x71AD, 0x51AD, 0x30A5, 0x30A5, 0x30A5, 0x51AD, 0x92B5, 0x92B5, 0x92B5, 0x72AD,
    0x51AD, 0x10A5, 0x10A5, 0x10A5, 0xEFA4, 0xCFA4, 0x6D9C, 0xAB93, 0x4A93, 0x0993, 0x499B, 0x6A9B,
    0xABA3, 0xCCAB, 0xCCAB, 0xEDB3, 0xEDB3, 0x0DB4, 0x0DB4, 0x2EB4, 0x0DB4, 0xEDB3, 0xCCAB, 0x2A9B,
    0x888A, 0x678A, 0x688A, 0xA892, 0x099B, 0x4AA3, 0x4BA3, 0x8BAB, 0xACAB, 0xCCAB, 0xCCAB, 0xCCAB,
    0xECAB, 0xECAB, 0x0DB4, 0xECAB, 0xCCA3, 0x8B9B, 0x8B8B, 0x6B83, 0x6A7B, 0x6B83, 0x6B83, 0x8B83,
    0x8B83, 0x8B83, 0x8B83, 0xAB83, 0xCC8B, 0x0D8C, 0x4E94, 0x12AD, 0x74B5, 0xB6BD, 0xD6BD, 0xF6C5,
    0xF6C5, 0xF6C5, 0xF6C5, 0xD6C5, 0xD6C5, 0xD6C5, 0xD6C5, 0xD6C5, 0xD6C5, 0xD6BD, 0xD6BD, 0xD6BD,
    0xD6BD, 0xD6BD, 0xD6BD, 0xD6BD, 0xD6BD, 0xD6BD, 0xD6BD, 0xD6BD, 0x33B5, 0x53AD, 0x53B5, 0x53B5,
    0xB4BD, 0xD4BD, 0xD4BD, 0xB4BD, 0x93B5, 0x51AD, 0x0FA5, 0xCF9C, 0xCE9C, 0xCE9C, 0xCE9C, 0xCE9C,
    0xCE9C, 0xCE9C, 0xEF9C, 0x10A5, 0x10A5, 0x30A5, 0x51AD, 0x71AD, 0x72B5, 0x92B5, 0x92B5, 0x92B5,
    0xB3B5, 0xB3B5, 0xB3B5, 0x92B5, 0x72B5, 0x71AD, 0x51AD, 0x51AD, 0x51AD, 0x51AD, 0x50AD, 0x30A5,
    0x30AD, 0x10AD, 0x30AD, 0x72AD, 0x93B5, 0x92B5, 0x92B5, 0x72AD, 0x31AD, 0x10A5, 0x10A5, 0x10A5,
    0xEFA4, 0xCEA4, 0x0C94, 0x8A93, 0x4993, 0x2893, 0x499B, 0x6A9B, 0x8BA3, 0xABAB, 0xCCAB, 0xECB3,
    0xEDB3, 0xEDB3, 0x0DB4, 0x0DB4, 0xEDB3, 0xACAB, 0x4BA3, 0xC992, 0x8892, 0x8892, 0xA892, 0x099B,
    0x4BA3, 0x6BAB, 0x8CAB, 0xACAB, 0xCCAB, 0xACAB, 0xCCAB, 0xCCAB, 0xECAB, 0x0DB4, 0x0DB4, 0x0DB4,
    0xCCAB, 0xAB9B, 0x8B8B, 0x6A83, 0x6A7B, 0x6B83, 0x6B83, 0x6B83, 0x8B83, 0x8B83, 0xAC83, 0xAB83,
    0xCC83, 0x2D8C, 0xB09C, 0x53AD, 0x95B5, 0xD6BD, 0xF6C5, 0xF6C5, 0xF6C5, 0xF6C5, 0xF6C5, 0xD6BD,
    0xF6C5, 0xD6BD, 0xD6BD, 0xD6BD, 0xD6BD, 0xD6BD, 0xD6BD, 0xD6BD, 0xD6BD, 0xD6BD, 0xD6BD, 0xD6BD,
    0xD6BD, 0xD6BD, 0xD6BD, 0xD6BD, 0x53B5, 0x53AD, 0x53AD, 0x74B5, 0xD5BD, 0xD4BD, 0xD4BD, 0x93B5,
    0x93B5, 0x51AD, 0x0FA5, 0xEF9C, 0xCE9C, 0xCE9C, 0xCE9C, 0xAE9C, 0xCE9C, 0xCE9C, 0xCF9C, 0xEF9C,
    0x0FA5, 0x30A5, 0x31AD, 0x51AD, 0x72AD, 0x72B5, 0x92B5, 0x92B5, 0xB3B5, 0xB2B5, 0xB2B5, 0x92B5,
    0x72B5, 0x71AD, 0x51AD, 0x51AD, 0x51AD, 0x50AD, 0x30A5, 0x30A5, 0x10AD, 0x10A5, 0x30AD, 0x92B5,
    0x93B5, 0x92B5, 0x92B5, 0x51AD, 0x31AD, 0x10AD, 0x10A5, 0x10A5, 0xEFA4, 0x8E9C, 0xEC93, 0x8A93,
    0x2993, 0x0893, 0x4993, 0x6A9B, 0x6A9B, 0xABAB, 0xCCAB, 0xECB3, 0xEDB3, 0xEDB3, 0x0DB4, 0x0DB4,
    0xCCB3, 0x6BA3, 0xEA9A, 0xA992, 0xA892, 0xA892, 0xA99A, 0xEA9A, 0x2AA3, 0x4BA3, 0x8CAB, 0x4AA3,
    0x2A9B, 0x2AA3, 0x6BA3, 0xABAB, 0xCCAB, 0xEDB3, 0x2EB4, 0x0DB4, 0xEDAB, 0x8B93, 0x8B8B, 0x6A83,
    0x6A7B, 0x4A7B, 0x6B83, 0x8B83, 0x8B83, 0x8B83, 0x8B83, 0x8B83, 0xCB83, 0x6E94, 0xF2A4, 0x74B5,
    0xB5BD, 0xD6BD, 0xF6C5, 0xF6C5, 0xF6C5, 0xF6C5, 0xF6C5, 0xF6C5, 0xF6C5, 0xF6C5, 0xD6BD, 0xD6BD,
    0xD6BD, 0xD6BD, 0xD6BD, 0xD6BD, 0xD6BD, 0xD6BD, 0xD6BD, 0xD6BD, 0xD6BD, 0xD6BD, 0xD6BD, 0xD6BD,
    0x53B5, 0x53B5, 0x73B5, 0x94B5, 0xD5BD, 0xD4BD, 0xB4BD, 0xB3B5, 0x72B5, 0x10A5, 0x0FA5, 0xEFA4,
    0xEF9C, 0xCE9C, 0xCE9C, 0xAE94, 0xAE9C, 0xCE9C, 0xEF9C, 0xEF9C, 0xEFA4, 0x10A5, 0x30A5, 0x51AD,
    0x51AD, 0x72AD, 0x72B5, 0x93B5, 0xB3B5, 0xB3BD, 0xB3B5, 0x92B5, 0x71AD, 0x71AD, 0x51AD, 0x51AD,
    0x30A5, 0x30AD, 0x30AD, 0x30A5, 0x10AD, 0x10A5, 0x10AD, 0x92B5, 0x93B5, 0x92B5, 0x72B5, 0x51AD,
    0x51AD, 0x10AD, 0x10AD, 0xEFA4, 0xEFA4, 0x8D9C, 0xCB93, 0x6A93, 0x0993, 0x0893, 0x4993, 0x6A9B,
    0x6AA3, 0xABAB, 0xCBAB, 0xCCAB, 0xCCB3, 0xEDB3, 0x0DB4, 0xECB3, 0xACAB, 0x4AA3, 0x0A9B, 0xC99A,
    0xA99A, 0xA99A, 0xC99A, 0xEA9A, 0xEA9A, 0x0A9B, 0xC992, 0xA892, 0xA892, 0xE99A, 0x2AA3, 0x6BA3,
    0xABAB, 0xCCAB, 0x0DB4, 0xEDAB, 0x8B9B, 0x6B8B, 0x6A83, 0x4A7B, 0x4A7B, 0x6B83, 0x6B83, 0x8B83,
    0x8B83, 0x8B83, 0x8B83, 0xAC83, 0x0C8C, 0x8F9C, 0x53AD, 0x95B5, 0xD6BD, 0xD6BD, 0xF6C5, 0xF6C5,
    0xF6C5, 0xF6C5, 0xF6C5, 0xF6C5, 0xF6C5, 0xF6C5, 0xD6BD, 0xD6BD, 0xD6BD, 0xD6BD, 0xD6BD, 0xD6BD,
    0xD6BD, 0xF6C5, 0xD6BD, 0xD6BD, 0xD6BD, 0xD6BD, 0xD6BD, 0xD6BD, 0x74B5, 0x74B5, 0x74B5, 0xB4BD,
    0xF5C5, 0xF5C5, 0xD4BD, 0xB3B5, 0x71AD, 0x30A5, 0x0FA5, 0xEF9C, 0xCF9C, 0xCE9C, 0xCE9C, 0xAE94,
    0xAE9C, 0xCE9C, 0xCE9C, 0xCE9C, 0xEF9C, 0x10A5, 0x30A5, 0x30A5, 0x51AD, 0x71AD, 0x72B5, 0x93B5,
    0xB3B5, 0xB3BD, 0xB3B5, 0x92B5, 0x72B5, 0x51AD, 0x50AD, 0x30AD, 0x30AD, 0x30AD, 0x30AD, 0x10AD,
    0x10AD, 0x10AD, 0x51AD, 0x72B5, 0x92B5, 0x72B5, 0x51AD, 0x51AD, 0x51AD, 0x30AD, 0x10AD, 0xEFA4,
    0xEFA4, 0x6D9C, 0xAA93, 0x4993, 0x0893, 0xE892, 0x499B, 0x6A9B, 0x8AA3, 0xABAB, 0xCBAB, 0xCCAB,
    0xECB3, 0xECB3, 0xECB3, 0xCCAB, 0x4AA3, 0x4AA3, 0x2AA3, 0xEA9A, 0xC99A, 0xC99A, 0xC99A, 0xA992,
    0x688A, 0x278A, 0x478A, 0x678A, 0xA892, 0xC992, 0x0A9B, 0x4AA3, 0x8BAB, 0xCCAB, 0xCCAB, 0xACA3,
    0x6A93, 0x8A8B, 0x6A83, 0x4A7B, 0x4A7B, 0x6A7B, 0x8B83, 0x8B83, 0x8B83, 0x8B83, 0x8B83, 0xCC8B,
    0x4D8C, 0xD09C, 0x74AD, 0x95B5, 0xD6BD, 0xF6C5, 0xF6C5, 0xF6C5, 0xF6C5, 0xF6C5, 0xF6C5, 0xF6C5,
    0xF6C5, 0xF6C5, 0xF6C5, 0xF6C5, 0xF6C5, 0xF6C5, 0xF6C5, 0xF6C5, 0xF6C5, 0xF6C5, 0xD6BD, 0xD6BD,
    0xD6BD, 0xD6BD, 0xD6BD, 0xD6BD, 0x74B5, 0x94BD, 0xF6C5, 0x36CE, 0x36D6, 0x16CE, 0xD4BD, 0xB3B5,
    0x51AD, 0x10A5, 0x0FA5, 0xEFA4, 0xCF9C, 0xCE9C, 0xCE9C, 0xAE9C, 0xAE9C, 0xAE9C, 0xCE9C, 0xCE9C,
    0xEF9C, 0x0FA5, 0x10A5, 0x30A5, 0x31AD, 0x71AD, 0x72B5, 0x93B5, 0xB3B5, 0xB3BD, 0xB3B5, 0x92B5,
    0x71AD, 0x51AD, 0x30AD, 0x30AD, 0x30AD, 0x10AD, 0x10A5, 0x10A5, 0x10A5, 0x0FA5, 0x51AD, 0x72AD,
    0x72B5, 0x72B5, 0x72AD, 0x51AD, 0x31AD, 0x10AD, 0x10A5, 0xEFA4, 0xEFA4, 0x4D9C, 0xCB93, 0x6A93,
    0x0893, 0x2893, 0x499B, 0x6AA3, 0x6AA3, 0xABAB, 0xCBAB, 0xCCAB, 0xECB3, 0xECB3, 0xCBAB, 0x6BAB,
    0x4AA3, 0x2AA3, 0x0A9B, 0x0AA3, 0xC99A, 0xC99A, 0xA99A, 0x688A, 0x478A, 0x0682, 0x278A, 0x678A,
    0x8892, 0xC992, 0x0A9B, 0x2AA3, 0x4BA3, 0x8BA3, 0x6BA3, 0x6B9B, 0x6B8B, 0x6A83, 0x297B, 0x2A7B,
    0x4A7B, 0x4A7B, 0x6B83, 0x6B7B, 0x8B83, 0x8B83, 0xAC83, 0x0C8C, 0x8E94, 0x12A5, 0x74B5, 0xD6BD,
    0xF6C5, 0xF6C5, 0xF6C5, 0xF6C5, 0xF6C5, 0xF6C5, 0xF6C5, 0xF6C5, 0xF6C5, 0xF6C5, 0xF6C5, 0xD6BD,
    0xD6BD, 0xD6BD, 0xF6C5, 0xD6BD, 0xD6BD, 0xD6BD, 0xD6BD, 0xD6BD, 0xD6BD, 0xD6BD, 0xD6BD, 0xD6BD,
    0xF6C5, 0x16CE, 0xF6CD, 0x16CE, 0x16CE, 0xF5C5, 0x93BD, 0x92B5, 0x51AD, 0x10A5, 0x10A5, 0xEF9C,
    0xCF9C, 0xCE9C, 0xCE9C, 0xAE9C, 0xAE9C, 0xAE9C, 0xCE9C, 0xCE9C, 0xCE9C, 0xEF9C, 0x0FA5, 0x10A5,
    0x30A5, 0x51AD, 0x72AD, 0x93B5, 0xB3B5, 0xB3BD, 0xB3B5, 0xB3B5, 0x71AD, 0x50AD, 0x30AD, 0x30AD,
    0x10A5, 0x10A5, 0x10A5, 0x10A5, 0x0FA5, 0x0FA5, 0x31AD, 0x51AD, 0x51AD, 0x51AD, 0x51AD, 0x30AD,
    0x10AD, 0x10A5, 0xEFA4, 0xEFA4, 0xCFA4, 0x2C94, 0x8A93, 0x2993, 0x0893, 0x2893, 0x299B, 0x499B,
    0x8AA3, 0xABAB, 0xCCAB, 0xCCAB, 0xECB3, 0xABAB, 0x6BA3, 0x4AA3, 0x2AA3, 0x2AA3, 0x2AA3, 0x0A9B,
    0xEA9A, 0xC99A, 0xA892, 0x8892, 0x8892, 0x678A, 0x6892, 0x688A, 0xA992, 0xC99A, 0x0A9B, 0x0A9B,
    0x2A9B, 0x2A9B, 0x4B9B, 0x4A93, 0x6A83, 0x497B, 0x297B, 0x2A7B, 0x4A7B, 0x6B83, 0x6B83, 0x6B83,
    0x8B83, 0x8C83, 0xED8B, 0x2D94, 0xB09C, 0x53AD, 0x95BD, 0xD6BD, 0xD6C5, 0xF6C5, 0xD6C5, 0xF6C5,
    0xF6C5, 0xF6C5, 0xF6C5, 0xF6C5, 0xD6BD, 0xF6C5, 0xD6BD, 0xD6BD, 0xD6BD, 0xD6BD, 0xD6BD, 0xD6BD,
    0xD6BD, 0xD6BD, 0xD6BD, 0xD6BD, 0xD6BD, 0xD6BD, 0xD6BD, 0xD6BD, 0xF5C5, 0xD5CD, 0xB4C5, 0xB4C5,
    0x93BD, 0x93BD, 0x93BD, 0x92B5, 0x51AD, 0x10A5, 0x0FA5, 0xEF9C, 0xCF9C, 0xCF9C, 0xCE9C, 0xCE9C,
    0xAE9C, 0xAE9C, 0xAE9C, 0xCE9C, 0xCE9C, 0xCE9C, 0x0FA5, 0x10A5, 0x30A5, 0x51AD, 0x72AD, 0x92B5,
    0xB4BD, 0xD4BD, 0xB4BD, 0xB3B5, 0x71AD, 0x50AD, 0x30AD, 0x10A5, 0x10A5, 0x10A5, 0xEFA4, 0x10A5,
    0xEFA4, 0x10A5, 0x51AD, 0x31AD, 0x51AD, 0x31AD, 0x30AD, 0x30AD, 0x10A5, 0xEFA4, 0xEFA4, 0xEFA4,
    0xEFA4, 0x0B94, 0xAA93, 0x0893, 0x2893, 0x2993, 0x499B, 0x6AA3, 0x8AA3, 0xABAB, 0xCBAB, 0xCBAB,
    0xCBAB, 0x6BA3, 0x4AA3, 0x4AA3, 0x2AA3, 0x2AA3, 0x0A9B, 0x0A9B, 0x0A9B, 0xEA9A, 0xC99A, 0xA992,
    0xA992, 0xA892, 0xA892, 0xA992, 0xC99A, 0xC99A, 0xEA9A, 0xEA9A, 0x0A9B, 0x2A9B, 0x4A9B, 0x2A8B,
    0x297B, 0x097B, 0x0973, 0x2973, 0x4A7B, 0x6B83, 0x6B7B, 0x8B83, 0x6B83, 0x8C83, 0x0D8C, 0x6E94,
    0x11A5, 0x94B5, 0xB6BD, 0xD6C5, 0xD6C5, 0xD6C5, 0xD6C5, 0xF6C5, 0xF6C5, 0xF6C5, 0xF6C5, 0xF6C5,
    0xF6C5, 0xF6C5, 0xF6C5, 0xD6BD, 0xD6BD, 0xD6BD, 0xD6BD, 0xD6BD, 0xD6BD, 0xD6BD, 0xD6BD, 0xD6BD,
    0xD6BD, 0xD6BD, 0xD6BD, 0xD6BD, 0x11B5, 0x11B5, 0xD1B4, 0x51AD, 0x72B5, 0x93B5, 0x93BD, 0x72B5,
    0x30AD, 0x30A5, 0x10A5, 0xEF9C, 0xCF9C, 0xCE9C, 0xCE9C, 0xCE9C, 0xAE9C, 0xAE9C, 0xAE94, 0xCE9C,
    0xAE94, 0xCF9C, 0xEF9C, 0x10A5, 0x10A5, 0x30A5, 0x72AD, 0xB3BD, 0xD4BD, 0xD4BD, 0xD4BD, 0xB3BD,
    0x72AD, 0x30AD, 0x30AD, 0x10A5, 0x10A5, 0x10A5, 0xEFA4, 0xEFA4, 0xEFA4, 0x30AD, 0x50AD, 0x30AD,
    0x30AD, 0x30AD, 0x10A5, 0x0FA5, 0xEFA4, 0xEFA4, 0xEFA4, 0xEFA4, 0xCFA4, 0xEB93, 0x8A93, 0x2993,
    0x2993, 0x2993, 0x499B, 0x6A9B, 0x8AA3, 0xABAB, 0xCBAB, 0xCBAB, 0x8AAB, 0x4AA3, 0x4AA3, 0x2AA3,
    0x0A9B, 0x2AA3, 0x0A9B, 0x0A9B, 0x0A9B, 0xEA9A, 0xEA9A, 0xEA9A, 0xC99A, 0xC99A, 0xC99A, 0xC99A,
    0xE99A, 0xC99A, 0xC99A, 0xC992, 0x0A9B, 0x2A9B, 0x0A93, 0x0983, 0x097B, 0x0973, 0x0973, 0x2973,
    0x4A7B, 0x6B83, 0x6B7B, 0x6B7B, 0x8C83, 0xAC83, 0x2D94, 0x8F9C, 0x53AD, 0xB5BD, 0xD6BD, 0xD6C5,
    0xD6C5, 0xD6C5, 0xF6C5, 0xF6C5, 0xF6C5, 0xF6C5, 0xF6C5, 0xF6C5, 0xF6C5, 0xF6C5, 0xF6C5, 0xF6C5,
    0xD6BD, 0xD6BD, 0xD6BD, 0xD6BD, 0xF6C5, 0xD6BD, 0xD6BD, 0xD6BD, 0xD6BD, 0xD6BD, 0xD6BD, 0xD6BD,
    0xCC93, 0x6A83, 0x2E9C, 0x10A5, 0x72B5, 0xB3BD, 0xB3BD, 0x92B5, 0x31AD, 0x30A5, 0x10A5, 0xEFA4,
    0xEFA4, 0xCE9C, 0xCE9C, 0xCE9C, 0xAE9C, 0xAE94, 0xAE94, 0xAE9C, 0xCE9C, 0xCE9C, 0xCF9C, 0xEFA4,
    0x10A5, 0x51AD, 0x92B5, 0xB3BD, 0xF4BD, 0xF4BD, 0xD4BD, 0xB3BD, 0x92B5, 0x30AD, 0x30AD, 0x0FA5,
    0x0FA5, 0xEFA4, 0xEFA4, 0xEFA4, 0xEFA4, 0x10AD, 0x30A5, 0x30AD, 0x10AD, 0x0FA5, 0xEFA4, 0xEFA4,
    0xEFA4, 0xEFA4, 0xEFA4, 0xCFA4, 0xAE9C, 0xEB93, 0x6993, 0x2893, 0x0893, 0x2993, 0x499B, 0x6AA3,
    0x8BA3, 0xABAB, 0xABAB, 0x8AAB, 0x4AA3, 0x4AA3, 0x2AA3, 0x0A9B, 0x0A9B, 0xE99A, 0x0AA3, 0x0AA3,
    0xEA9A, 0xEA9A, 0xEA9A, 0xEA9A, 0xEA9A, 0xEA9A, 0xE99A, 0xEA9A, 0xEA9A, 0xC99A, 0xEA9A, 0xEA9A,
    0x2A9B, 0x2A9B, 0x0993, 0xE882, 0xE972, 0xE972, 0x0973, 0x2A7B, 0x6B7B, 0x6B7B, 0x6B7B, 0x6B83,
    0xAC83, 0xED8B, 0x6E94, 0x12A5, 0x75B5, 0xB6BD, 0xD6C5, 0xD6C5, 0xD6C5, 0xD6C5, 0xD6C5, 0xD6C5,
    0xF6C5, 0xF6C5, 0xF6C5, 0xF6C5, 0xF6C5, 0xF6C5, 0xF6C5, 0xF6C5, 0xD6BD, 0xF6C5, 0xF6C5, 0xF6C5,
    0xF6C5, 0xF6C5, 0xF6C5, 0xF6C5, 0xF6C5, 0xD6BD, 0xD6BD, 0xD6BD, 0xE97A, 0xA86A, 0x2E94, 0x31AD,
    0xB3BD, 0xD3BD, 0xD4BD, 0x92B5, 0x51AD, 0x30A5, 0x0FA5, 0xEFA4, 0xEFA4, 0xCF9C, 0xCE9C, 0xCE9C,
    0xAE9C, 0xAE94, 0x8E94, 0xAE94, 0xAE9C, 0xCE9C, 0xCE9C, 0xEF9C, 0x10A5, 0x51AD, 0x92B5, 0xB3BD,
    0xD4BD, 0xD4BD, 0xD3BD, 0xB2B5, 0x50AD, 0x30A5, 0x10A5, 0x0FA5, 0x0FA5, 0xEFA4, 0xEFA4, 0xCFA4,
    0xEFA4, 0x30AD, 0x10A5, 0x10A5, 0x10A5, 0xEFA4, 0xEFA4, 0xEFA4, 0xEFA4, 0xEFA4, 0xEFA4, 0xCFA4,
    0xAE9C, 0xCB93, 0x4993, 0x0893, 0x2893, 0x499B, 0x499B, 0x6AA3, 0x8BA3, 0xABAB, 0x8AA3, 0x4AA3,
    0x29A3, 0x299B, 0x099B, 0x099B, 0x099B, 0x099B, 0x0AA3, 0x0AA3, 0x0AA3, 0x0AA3, 0xEA9A, 0xEA9A,
    0xEA9A, 0xCA9A, 0xE99A, 0xEA9A, 0xEA9A, 0xC99A, 0xEA9A, 0xEA9A, 0x0A9B, 0x0A9B, 0xE88A, 0xE87A,
    0xE972, 0xE972, 0x0973, 0x2A73, 0x6B7B, 0x4B7B, 0x6B7B, 0x8B7B, 0xAC8B, 0x2D8C, 0x8F9C, 0x33AD,
    0x95BD, 0xD6BD, 0xD6C5, 0xD6C5, 0xD6C5, 0xD6C5, 0xD6C5, 0xD6C5, 0xF6C5, 0xF6C5, 0xF6C5, 0xF6C5,
    0xF6C5, 0xF6C5, 0xF6C5, 0xF6C5, 0xF6C5, 0xF6C5, 0xF6C5, 0xF6C5, 0xF6C5, 0xF6C5, 0xD6BD, 0xD6BD,
    0xF6C5, 0xD6BD, 0xD6BD, 0xD6BD, 0x4762, 0x675A, 0xD0A4, 0x52AD, 0x93B5, 0xD4BD, 0xD3BD, 0x92B5,
    0x51AD, 0x10A5, 0x0FA5, 0xEFA4, 0xEFA4, 0xCF9C, 0xCE9C, 0xCE9C, 0xAE9C, 0xAE9C, 0xAE94, 0xAE94,
    0xAE94, 0xAE9C, 0xCE9C, 0xEF9C, 0x10A5, 0x51AD, 0x92B5, 0xB2B5, 0xB3BD, 0xB3BD, 0xB3B5, 0x92B5,
    0x30AD, 0x10A5, 0x0FA5, 0xEFA4, 0x0FA5, 0xEFA4, 0xEFA4, 0xCFA4, 0xEFA4, 0x10A5, 0x0FA5, 0xEFA4,
    0xEFA4, 0xEFA4, 0xEFA4, 0xEFA4, 0xEFA4, 0xEFA4, 0xCFA4, 0xCFA4, 0x8D9C, 0xCB93, 0x4993, 0x0893,
    0x2893, 0x299B, 0x499B, 0x6AA3, 0x8BA3, 0x8AA3, 0x6AA3, 0x29A3, 0x099B, 0x099B, 0x099B, 0xE99A,
    0xE99A, 0x099B, 0x0A9B, 0x0AA3, 0xEA9A, 0x0AA3, 0xEAA2, 0x0AA3, 0xEA9A, 0xEA9A, 0xE99A, 0xC99A,
    0xE99A, 0xC99A, 0xE99A, 0xE99A, 0xEA9A, 0xC992, 0xC87A, 0xE872, 0xE972, 0x0973, 0x0973, 0x4A7B,
    0x6B7B, 0x6B7B, 0x6B7B, 0x8C83, 0x0D94, 0x6F94, 0x12A5, 0x74B5, 0xB5BD, 0xD6C5, 0xD6C5, 0xD6C5,
    0xD6C5, 0xD6C5, 0xD6C5, 0xD6C5, 0xD6C5, 0xF6C5, 0xF6C5, 0xF6C5, 0xF6C5, 0xF6C5, 0xF6C5, 0xF6C5,
    0xF6C5, 0xD6BD, 0xD6BD, 0xD6BD, 0xD6BD, 0xD6BD, 0xD6BD, 0xD6BD, 0xD6BD, 0xD6BD, 0xD6BD, 0xD6BD,
    0x6441, 0x2A73, 0xD0A4, 0x72B5, 0xB3BD, 0xD4BD, 0xD3BD, 0x92B5, 0x51AD, 0x30AD, 0x0FA5, 0xEFA4,
    0xEFA4, 0xCF9C, 0xCE9C, 0xCE9C, 0xCE9C, 0xAE94, 0xAD94, 0xAD94, 0xAE94, 0xAE94, 0xCE9C, 0xCF9C,
    0x0FA5, 0x30A5, 0x51AD, 0x92B5, 0x92B5, 0x92B5, 0x71AD, 0x30AD, 0x30AD, 0x0FA5, 0xEFA4, 0xEFA4,
    0xEFA4, 0xEFA4, 0xCFA4, 0xCFA4, 0xEFA4, 0xEFA4, 0xEFA4, 0xEFA4, 0xEFA4, 0xEFA4, 0xEFA4, 0xEFA4,
    0xEFA4, 0xEFA4, 0xEFA4, 0xCE9C, 0x4D94, 0xAA93, 0x0893, 0x0893, 0x2993, 0x499B, 0x6A9B, 0x8AA3,
    0x8AA3, 0x8AA3, 0x6AA3, 0x29A3, 0x099B, 0xC89A, 0xC89A, 0xC89A, 0xA892, 0xC99A, 0xC99A, 0xEA9A,
    0xEA9A, 0xE99A, 0xE99A, 0xC99A, 0xC99A, 0xA992, 0xA992, 0x8892, 0xA892, 0xA992, 0xC992, 0xA992,
    0xC992, 0xC982, 0xA86A, 0xC86A, 0xC872, 0xE972, 0x2A73, 0x4B7B, 0x4B7B, 0x6B7B, 0x6B7B, 0xAC83,
    0x2D94, 0xB0A4, 0x32AD, 0x95B5, 0xD6BD, 0xD6C5, 0xD6C5, 0xD6C5, 0xD6C5, 0xD6C5, 0xD6C5, 0xD6C5,
    0xD6C5, 0xD6C5, 0xF6C5, 0xF6C5, 0xF6C5, 0xD6BD, 0xD6BD, 0xF6C5, 0xD6BD, 0xF6C5, 0xD6BD, 0xD6BD,
    0xD6BD, 0xD6BD, 0xD6BD, 0xD6BD, 0xD6BD, 0xD6BD, 0xD6BD, 0xD6BD, 0x6441, 0x8B7B, 0xF0A4, 0xB3B5,
    0x14C6, 0x15C6, 0xD4BD, 0x92B5, 0x51AD, 0x10A5, 0x0FA5, 0xEFA4, 0xEFA4, 0xEFA4, 0xEFA4, 0xCE9C,
    0xCE9C, 0xAD94, 0x8D94, 0x8D94, 0xAD94, 0xAE94, 0xAE94, 0xCE9C, 0xEE9C, 0x0FA5, 0x10A5, 0x51AD,
    0x51AD, 0x51AD, 0x50AD, 0x30A5, 0x0FA5, 0x0FA5, 0xEFA4, 0xEFA4, 0xEFA4, 0xEFA4, 0xCFA4, 0xCE9C,
    0xEFA4, 0xEFA4, 0xEFA4, 0xEFA4, 0xEFA4, 0xEFA4, 0xEFA4, 0xEFA4, 0xEFA4, 0xEFA4, 0xEFA4, 0xAE9C,
    0x2C94, 0x8A93, 0x0893, 0x0893, 0x2993, 0x499B, 0x6A9B, 0x6AA3, 0x6AA3, 0x6AA3, 0x49A3, 0x299B,
    0xE89A, 0xA892, 0xA892, 0x8892, 0x8792, 0xA892, 0xA892, 0x888A, 0x8892, 0x478A, 0x478A, 0xC679,
    0xE679, 0x077A, 0x077A, 0x077A, 0x4882, 0x4782, 0x277A, 0x8882, 0x677A, 0x686A, 0xA86A, 0xE872,
    0xC86A, 0xE972, 0x2A73, 0x4A7B, 0x6B7B, 0x6B7B, 0x8B83, 0xAB8B, 0x4E94, 0xF1A4, 0x74B5, 0xB5BD,
    0xD6C5, 0xD6C5, 0xF6C5, 0xF6C5, 0xD6C5, 0xF6C5, 0xD6C5, 0xD6C5, 0xD6C5, 0xD6C5, 0xD6BD, 0xF6C5,
    0xD6BD, 0xD6BD, 0xD6BD, 0xD6BD, 0xF6C5, 0xD6BD, 0xD6BD, 0xD6BD, 0xD6BD, 0xD6BD, 0xD6BD, 0xD6BD,
    0xD6BD, 0xD6BD, 0xD6BD, 0xD6BD, 0xA449, 0x4E94, 0x93B5, 0x14C6, 0x35C6, 0x35CE, 0xD3BD, 0x71AD,
    0x50AD, 0x10A5, 0x0FA5, 0xEFA4, 0xEFA4, 0xEFA4, 0xCE9C, 0xCE9C, 0xCE9C, 0xCE9C, 0xAE94, 0x8D94,
    0x8D94, 0xAD94, 0xAE94, 0xCE9C, 0xCE9C, 0xEF9C, 0x0FA5, 0x10A5, 0x30A5, 0x30A5, 0x30AD, 0x0FA5,
    0x0FA5, 0x0FA5, 0xEFA4, 0xEFA4, 0xEFA4, 0xEFA4, 0xCE9C, 0xCEA4, 0xEFA4, 0xEFA4, 0xEFA4, 0xEFA4,
    0xEFA4, 0xCFA4, 0xEFA4, 0xEFA4, 0xEFA4, 0xEFA4, 0xEFA4, 0xAE9C, 0x0C94, 0x698B, 0x088B, 0x0893,
    0x2893, 0x499B, 0x6AA3, 0x6AA3, 0x6AA3, 0x6AA3, 0x299B, 0x099B, 0xA792, 0x678A, 0x2682, 0x2682,
    0x0682, 0xE679, 0xE679, 0xA571, 0x8571, 0x6569, 0x4461, 0x6569, 0x6569, 0x6569, 0x8669, 0x6569,
    0x4561, 0x6561, 0xC671, 0x477A, 0x487A, 0xA86A, 0xA86A, 0xC96A, 0xC96A, 0x2A73, 0x0A73, 0x4B7B,
    0x6B7B, 0x6B7B, 0x8B83, 0xEB8B, 0x6F94, 0x53AD, 0x94B5, 0xB6BD, 0xD6C5, 0xD6C5, 0xD6C5, 0xF7C5,
    0xF6C5, 0xF6C5, 0xF6C5, 0xF6C5, 0xF6C5, 0xF6C5, 0xF6C5, 0xF6C5, 0xF6C5, 0xD6BD, 0xD6BD, 0xD6BD,
    0xD6BD, 0xD6BD, 0xD6BD, 0xD6BD, 0xF6C5, 0xD6BD, 0xD6BD, 0xD6BD, 0xD6BD, 0xD6BD, 0xD6BD, 0xD6BD,
    0xAC83, 0x32A5, 0xF4BD, 0x35C6, 0x35C6, 0x15C6, 0xD3BD, 0x71AD, 0x50AD, 0x30A5, 0x0FA5, 0xEFA4,
    0xEFA4, 0xEF9C, 0xCF9C, 0xCE9C, 0xCE9C, 0xAE94, 0xAE94, 0xAD94, 0x8D94, 0x8D94, 0x8D94, 0xCE9C,
    0xCE9C, 0xCE9C, 0xEF9C, 0x0FA5, 0x0FA5, 0x0FA5, 0x0FA5, 0x0FA5, 0xEFA4, 0xEFA4, 0xEFA4, 0xEFA4,
    0xEFA4, 0xCE9C, 0xCE9C, 0xCEA4, 0xEFA4, 0xEFA4, 0xEFA4, 0xEFA4, 0xEFA4, 0xEFA4, 0xEFA4, 0xEFA4,
    0xEFA4, 0xEFA4, 0xEFA4, 0x6D9C, 0x0C94, 0x4993, 0xE88A, 0xE892, 0x2893, 0x499B, 0x6AA3, 0x6AA3,
    0x6AA3, 0x69A3, 0x089B, 0xC892, 0x878A, 0x2682, 0x2682, 0x2682, 0xE679, 0xC579, 0xA571, 0x6571,
    0x4469, 0x0461, 0x0461, 0x2461, 0x2461, 0x4561, 0x2561, 0xE450, 0x0459, 0x4561, 0xE669, 0x2772,
    0x4872, 0x8862, 0xA86A, 0xC86A, 0xE972, 0x2A73, 0x4A7B, 0x4A7B, 0x6B7B, 0x6B7B, 0xAB8B, 0x2C94,
    0xF1A4, 0x74B5, 0xB5BD, 0xD6BD, 0xD6C5, 0xD6C5, 0xD6C5, 0xF6C5, 0xF6C5, 0xF6C5, 0xF6C5, 0xF6C5,
    0xF6C5, 0xF6C5, 0xF6C5, 0xF6C5, 0xF6C5, 0xF6C5, 0xD6BD, 0xD6BD, 0xD6BD, 0xD6BD, 0xD6BD, 0xF6C5,
    0xF6C5, 0xF6C5, 0xD6BD, 0xD6BD, 0xD6BD, 0xD6BD, 0xD6BD, 0xD6BD, 0x4E94, 0x72AD, 0xF5BD, 0x15C6,
    0x14C6, 0xF4C5, 0xB3BD, 0x71AD, 0x30A5, 0x10A5, 0x0FA5, 0xEFA4, 0xEFA4, 0xEFA4, 0xCF9C, 0xCE9C,
    0xCE9C, 0xCE9C, 0xAE94, 0xAD94, 0x8D94, 0x8D94, 0xAD94, 0xAE94, 0xAE9C, 0xCE9C, 0xCF9C, 0xEFA4,
    0xEFA4, 0xEFA4, 0x0FA5, 0xEFA4, 0xEFA4, 0xEFA4, 0xEFA4, 0xEFA4, 0xEFA4, 0xCE9C, 0xCE9C, 0xCEA4,
    0xEFA4, 0xEFA4, 0xEFA4, 0xEFA4, 0xCFA4, 0xEFA4, 0xEFA4, 0xEFA4, 0xEFA4, 0xEFA4, 0xCFA4, 0x6D94,
    0xCB93, 0x288B, 0xE78A, 0xE88A, 0x2893, 0x499B, 0x6AA3, 0x6AA3, 0x6AA3, 0x499B, 0xE89A, 0xA792,
    0x878A, 0x4782, 0x4782, 0x2682, 0x0682, 0xC579, 0xA571, 0x6569, 0x2469, 0x2461, 0x2561, 0x2561,
    0x2461, 0x0459, 0xC450, 0xC350, 0xC350, 0x6561, 0x0772, 0x4872, 0x6772, 0xA86A, 0x8862, 0xE96A,
    0x0A73, 0x2A73, 0x2A7B, 0x4A7B, 0x4B7B, 0x8B83, 0xCB8B, 0x8D94, 0x53AD, 0xB5BD, 0xD6BD, 0xD6C5,
    0xF6C5, 0xF6C5, 0xF6C5, 0xF6C5, 0xF7C5, 0xF6C5, 0xF6C5, 0xF6C5, 0xF6C5, 0xF6C5, 0xF6C5, 0xF6C5,
    0xF6C5, 0xF6C5, 0xF6C5, 0xF6C5, 0xD6BD, 0xD6BD, 0xD6BD, 0xF6C5, 0xD6BD, 0xF6C5, 0xD6BD, 0xD6BD,
    0xD6BD, 0xD6BD, 0xD6BD, 0xD6BD, 0x2F8C, 0x72AD, 0xD3B5, 0x14C6, 0xF5C5, 0xD3BD, 0x92B5, 0x51AD,
    0x30AD, 0x10A5, 0x0FA5, 0xEFA4, 0xEFA4, 0xEF9C, 0xEF9C, 0xCE9C, 0xCE9C, 0xCE9C, 0xAE94, 0xAE94,
    0x8D94, 0x8D94, 0x8D94, 0x8D94, 0xAD94, 0xCE9C, 0xCE9C, 0xEF9C, 0xEF9C, 0xEFA4, 0xEFA4, 0xEFA4,
    0xEFA4, 0xEFA4, 0xEFA4, 0xEFA4, 0xEEA4, 0xCEA4, 0xCE9C, 0xEFA4, 0xCFA4, 0xCFA4, 0xEFA4, 0xEFA4,
    0xCFA4, 0xEFA4, 0xEFA4, 0xEFA4, 0xEFA4, 0xEFA4, 0xAE9C, 0x2C94, 0xAA8B, 0xE88A, 0xC782, 0xE892,
    0x2993, 0x499B, 0x6AA3, 0x6AA3, 0x6AA3, 0x29A3, 0x099B, 0xE892, 0xC892, 0xA892, 0x878A, 0x678A,
    0x2782, 0x2682, 0xE679, 0xC679, 0x8571, 0xA679, 0x8671, 0x6571, 0x4569, 0x0561, 0xC350, 0xA348,
    0x2461, 0xE771, 0x477A, 0x4772, 0x476A, 0x8862, 0xA86A, 0x096B, 0x2A73, 0x2A7B, 0x4B7B, 0x4A7B,
    0x4B7B, 0xEC8B, 0x4D94, 0x8E94, 0x74B5, 0xB5BD, 0xF6C5, 0xF6C5, 0xF6C5, 0xF6C5, 0xF6C5, 0xF6C5,
    0xF6C5, 0xF6C5, 0xF6C5, 0xF6C5, 0xF6C5, 0xF6C5, 0xF6C5, 0xF6C5, 0xF6C5, 0xF6C5, 0xF6C5, 0xF6C5,
    0xD6C5, 0xD6C5, 0xD6C5, 0xD6C5, 0xD6C5, 0xD6C5, 0xD6C5, 0xD6BD, 0xD6C5, 0xD6C5, 0xD6BD, 0xD6BD,
    0x0D84, 0x51AD, 0xD3BD, 0xF4C5, 0xD3BD, 0x92B5, 0x71AD, 0x50AD, 0x30A5, 0x10A5, 0x0FA5, 0xEF9C,
    0xEFA4, 0xEF9C, 0xCF9C, 0xCE9C, 0xCE9C, 0xCE9C, 0xCE9C, 0xAE94, 0x8D94, 0x8D94, 0x8D94, 0x8D94,
    0x8D94, 0xAD94, 0xCE9C, 0xCE9C, 0xEF9C, 0xEFA4, 0xEFA4, 0xEFA4, 0xEFA4, 0xEFA4, 0xEFA4, 0xEFA4,
    0xCEA4, 0xCE9C, 0xCE9C, 0xEEA4, 0xCFA4, 0xCFA4, 0xCFA4, 0xCFA4, 0xCFA4, 0xCFA4, 0xCFA4, 0xCFA4,
    0xCFA4, 0xCFA4, 0xAE9C, 0xEC93, 0x6A8B, 0xE88A, 0xC78A, 0xE78A, 0x2893, 0x499B, 0x6AA3, 0x6AA3,
    0x49A3, 0x49A3, 0x4AA3, 0x299B, 0x099B, 0xE99A, 0xC89A, 0xA892, 0x678A, 0x678A, 0x4782, 0x0782,
    0x078A, 0xC681, 0xE781, 0x8679, 0x6571, 0x2469, 0x0461, 0x2461, 0xA671, 0x287A, 0x2772, 0x4772,
    0x676A, 0xA86A, 0xA86A, 0x0A73, 0x2A73, 0x2A73, 0x4A7B, 0x4A7B, 0xAC83, 0x2D8C, 0x8E94, 0x12A5,
    0x95BD, 0xD6BD, 0xF6C5, 0xF6C5, 0xF6C5, 0xF6C5, 0xF6C5, 0xF6C5, 0xF6C5, 0xF6C5, 0xF6C5, 0xF6C5,
    0xF6C5, 0xF6C5, 0xF6C5, 0xF6C5, 0xF6C5, 0xF6C5, 0xF6C5, 0xD6BD, 0xD6C5, 0xD6BD, 0xD6C5, 0xD6C5,
    0xD6C5, 0xD6C5, 0xD6C5, 0xD6C5, 0xD6C5, 0xD6C5, 0xD6C5, 0xF6C5, 0x93B5, 0x76CE, 0x76CE, 0x14C6,
    0xB3B5, 0x71B5, 0x51AD, 0x50AD, 0x30A5, 0x2FA5, 0x0FA5, 0xEF9C, 0xEFA4, 0xEF9C, 0xCE9C, 0xCE9C,
    0xCE9C, 0xCE9C, 0xCE9C, 0xCE9C, 0x8D94, 0x8D94, 0x8D94, 0x8D94, 0x8D94, 0xAD94, 0xCE9C, 0xCE9C,
    0xCE9C, 0xCF9C, 0xEFA4, 0xEF9C, 0xEEA4, 0xEF9C, 0xEFA4, 0xEEA4, 0xCE9C, 0xCE9C, 0xCE9C, 0xCEA4,
    0xEFA4, 0xEFA4, 0xEFA4, 0xEFA4, 0xEFA4, 0xCFA4, 0xCFA4, 0xCFA4, 0xCFA4, 0xCFA4, 0x8D94, 0xCB8B,
    0x0883, 0xC78A, 0xC78A, 0xE78A, 0x0893, 0x299B, 0x49A3, 0x49A3, 0x49A3, 0x49A3, 0x49A3, 0x299B,
    0x4AA3, 0x299B, 0x099B, 0xE89A, 0xA892, 0xA892, 0x8892, 0x8892, 0x278A, 0xE789, 0xE781, 0xC681,
    0x8679, 0x6679, 0xA679, 0xC781, 0x2882, 0x2882, 0x487A, 0x6872, 0xA86A, 0xA86A, 0xE972, 0x0A73,
    0x0A73, 0x2A73, 0x4A7B, 0x8B83, 0xEC8B, 0x6E8C, 0xAE9C, 0x74B5, 0xB6BD, 0xF6C5, 0xF6C5, 0xF7C5,
    0xF6C5, 0xF6C5, 0xF6C5, 0xF6C5, 0xF6C5, 0xF6C5, 0xF6C5, 0xF6C5, 0xF6C5, 0xF6C5, 0xF6C5, 0xF6C5,
    0xD6C5, 0xF6C5, 0xD6BD, 0xD6BD, 0xD6BD, 0xD6C5, 0xD6BD, 0xD6C5, 0xD6C5, 0xD6C5, 0xD6BD, 0xD6C5,
    0xD6C5, 0xD6BD, 0xD6BD, 0xD6BD, 0xB7D6, 0x97D6, 0x55CE, 0xF4BD, 0x92B5, 0x71AD, 0x51AD, 0x50AD,
    0x30AD, 0x2FA5, 0x0FA5, 0xEE9C, 0xEF9C, 0xEF9C, 0xEE9C, 0xCE9C, 0xCE9C, 0xCE9C, 0xCE9C, 0xAE94,
    0xAD94, 0xAD94, 0x8D94, 0x8D94, 0x8D94, 0x8D94, 0xAE94, 0xCE9C, 0xCE9C, 0xCE9C, 0xEE9C, 0xEE9C,
    0xCE9C, 0xCE9C, 0xCEA4, 0xCEA4, 0xCE9C, 0xCEA4, 0xCEA4, 0xEFA4, 0xEEA4, 0xEFA4, 0xEFA4, 0xEFA4,
    0xEFA4, 0xCFA4, 0xCFA4, 0xCFA4, 0xEFA4, 0xCE9C, 0x4C94, 0xCB8B, 0x2983, 0xC782, 0xC782, 0xE88A,
    0x0893, 0x299B, 0x499B, 0x499B, 0x49A3, 0x49A3, 0x49A3, 0x29A3, 0x49A3, 0x299B, 0x09A3, 0xE99A,
    0xE89A, 0xC99A, 0xA892, 0x8892, 0x4792, 0x278A, 0x078A, 0xE789, 0xE789, 0xE789, 0x078A, 0x088A,
    0x698A, 0x698A, 0x8882, 0xA872, 0xC86A, 0xC86A, 0xC96A, 0xE972, 0xE972, 0x0A73, 0x8B83, 0xCC83,
    0x6E94, 0x8E94, 0x32AD, 0x95B5, 0xD6BD, 0xF6C5, 0xF6C5, 0xF7C5, 0xF6C5, 0xF6C5, 0xF7C5, 0xF7C5,
    0xF7C5, 0xF7C5, 0xF6C5, 0xF6C5, 0xF6C5, 0xD6BD, 0xF6C5, 0xF6C5, 0xD6C5, 0xD6C5, 0xD6BD, 0xD6BD,
    0xD6BD, 0xD6BD, 0xD6BD, 0xD6BD, 0xD6C5, 0xD6C5, 0xD6C5, 0xD6BD, 0xD6BD, 0xD6BD, 0xD6BD, 0xD6BD,
    0xB7D6, 0x96D6, 0x34C6, 0xB3B5, 0x71AD, 0x70AD, 0x50AD, 0x50AD, 0x30A5, 0x0FA5, 0x0FA5, 0xEF9C,
    0xEF9C, 0xEF9C, 0xEF9C, 0xEE9C, 0xEE9C, 0xCE9C, 0xCE9C, 0xCE9C, 0xAE94, 0xAD94, 0x8D94, 0x8D94,
    0x8D94, 0x8D94, 0xAD94, 0xAE94, 0xCE9C, 0xCE9C, 0xCE9C, 0xEE9C, 0xCE9C, 0xCE9C, 0xCEA4, 0xCEA4,
    0xCE9C, 0xCEA4, 0xCEA4, 0xCEA4, 0xEFA4, 0xEFA4, 0xCEA4, 0xEFA4, 0xEFA4, 0xEFA4, 0xEFA4, 0xEEA4,
    0xCE9C, 0xCE9C, 0x2C94, 0x8A83, 0x0883, 0x867A, 0xC782, 0xE78A, 0xE892, 0x2893, 0x499B, 0x499B,
    0x499B, 0x29A3, 0x49A3, 0x49A3, 0x49A3, 0x4AA3, 0x09A3, 0x09A3, 0x099B, 0xC99A, 0xC89A, 0xA892,
    0x8892, 0x8892, 0x4892, 0x278A, 0x4892, 0x4892, 0x6892, 0x6992, 0xA992, 0x8882, 0xA87A, 0xC872,
    0xC872, 0xC86A, 0xC96A, 0xC96A, 0xE972, 0x4B7B, 0xAC83, 0x0D8C, 0x6E94, 0xF09C, 0x94AD, 0xB6BD,
    0xF6C5, 0xF6C5, 0xF6C5, 0xF6C5, 0xF6C5, 0xF6C5, 0xF6C5, 0xF7C5, 0xF7C5, 0xF7C5, 0xF7C5, 0xF6C5,
    0xF6C5, 0xF6C5, 0xF7C5, 0xF6C5, 0xF6C5, 0xF6C5, 0xF6C5, 0xF6C5, 0xF6C5, 0xF6C5, 0xF6C5, 0xD6BD,
    0xD6C5, 0xD6BD, 0xD6BD, 0xD6BD, 0xD6BD, 0xD6BD, 0xD6BD, 0xD6BD, 0x76CE, 0x34C6, 0xD3BD, 0x71AD,
    0x51AD, 0x50AD, 0x50AD, 0x30A5, 0x30A5, 0x2FA5, 0x0FA5, 0x0FA5, 0x0FA5, 0xEF9C, 0xEF9C, 0xEF9C,
    0xCE9C, 0xEE9C, 0xCE9C, 0xCE9C, 0xAE94, 0xAE94, 0x8D94, 0x8D94, 0x8D94, 0x8D94, 0x8D94, 0xAD94,
    0xCE9C, 0xCE9C, 0xCE9C, 0xEE9C, 0xCE9C, 0xEE9C, 0xCEA4, 0xCEA4, 0xCEA4, 0xCE9C, 0xCEA4, 0xEFA4,
    0xEFA4, 0xEEA4, 0xEFA4, 0xEFA4, 0xEFA4, 0xEFA4, 0xCE9C, 0xEEA4, 0xEFA4, 0x8E9C, 0xEB93, 0x6983,
    0xC782, 0x667A, 0xA782, 0xE78A, 0x0893, 0x2893, 0x299B, 0x499B, 0x49A3, 0x49A3, 0x49A3, 0x49A3,
    0x4AA3, 0x4AA3, 0x29A3, 0x099B, 0x099B, 0x099B, 0xE99A, 0xE99A, 0xC99A, 0xC892, 0xA892, 0xC89A,
    0xC99A, 0xC99A, 0xEA9A, 0x0A9B, 0xEA92, 0xE98A, 0xC87A, 0xC872, 0x8762, 0xA762, 0x8762, 0xC96A,
    0x2A73, 0x8B83, 0x0C8C, 0x6E94, 0xF09C, 0x74AD, 0xB5BD, 0xF6C5, 0xF7C5, 0xF7C5, 0xF6C5, 0xF7C5,
    0xF7C5, 0xF7C5, 0xF6C5, 0xF7C5, 0xF6C5, 0xF6C5, 0xF6C5, 0xF6C5, 0xF6C5, 0xF6C5, 0xF6C5, 0xF6C5,
    0xF6C5, 0xD6C5, 0xF6C5, 0xD6C5, 0xF6C5, 0xF6C5, 0xF6C5, 0xF6C5, 0xF6C5, 0xF6C5, 0xD6BD, 0xF6C5,
    0xF6C5, 0xD6BD, 0xD6BD, 0xD6BD, 0xF4BD, 0xD3BD, 0xB2B5, 0x71AD, 0x50AD, 0x50AD, 0x50AD, 0x30A5,
    0x30A5, 0x0FA5, 0x0FA5, 0x0FA5, 0x0FA5, 0x0FA5, 0xEF9C, 0xEF9C, 0xEF9C, 0xCE9C, 0xCE9C, 0xCE9C,
    0xCE9C, 0xAE94, 0xAD94, 0x8D94, 0x8D94, 0x8D94, 0x8D94, 0xAD94, 0xAD94, 0xCE9C, 0xCE9C, 0xCE9C,
    0xCE9C, 0xCE9C, 0xCE9C, 0xCE9C, 0xCE9C, 0xCEA4, 0xCEA4, 0xCEA4, 0xCEA4, 0xEEA4, 0xEFA4, 0xCEA4,
    0xCEA4, 0xCEA4, 0xEEA4, 0xEEA4, 0xCEA4, 0x6D94, 0xCB8B, 0x287B, 0x867A, 0x867A, 0xC782, 0xE88A,
    0x0893, 0x289B, 0x299B, 0x499B, 0x499B, 0x49A3, 0x49A3, 0x4AA3, 0x4AA3, 0x2AA3, 0x299B, 0x299B,
    0x29A3, 0x09A3, 0x09A3, 0xE99A, 0xE99A, 0xE99A, 0xE99A, 0xC99A, 0x099B, 0xE99A, 0x2A9B, 0x4B9B,
    0x4B9B, 0x0A8B, 0xC872, 0xA76A, 0x8762, 0x6762, 0x8762, 0xE96A, 0x4A73, 0xEC83, 0x6D94, 0xAF94,
    0x33A5, 0xB5B5, 0xD6BD, 0xF7C5, 0xF7C5, 0xF7C5, 0xF7C5, 0xF7C5, 0xF7C5, 0xF6C5, 0xF6C5, 0xF6C5,
    0xF6C5, 0xF6C5, 0xF6C5, 0xF6C5, 0xF6C5, 0xF6C5, 0xF6C5, 0xF6C5, 0xF7C5, 0xF6C5, 0xF6C5, 0xF6C5,
    0xF6C5, 0xF6C5, 0xF6C5, 0xD6BD, 0xD6BD, 0xF6C5, 0xF6C5, 0xF6C5, 0xF6C5, 0xF6C5, 0xD6BD, 0xD6BD,
    0xB2B5, 0x92B5, 0x91B5, 0x51AD, 0x50AD, 0x50AD, 0x50AD, 0x30A5, 0x30A5, 0x2FA5, 0x0FA5, 0x0FA5,
    0x0FA5, 0x0FA5, 0xEF9C, 0xEF9C, 0xEF9C, 0xEE9C, 0xCE9C, 0xCE9C, 0xCE9C, 0xCE9C, 0xAE94, 0x8D94,
    0x6D8C, 0x6D8C, 0x8D94, 0x8D94, 0xAD94, 0xCE9C, 0xCE9C, 0xCE9C, 0xCE9C, 0xCE9C, 0xCE9C, 0xCE9C,
    0xCE9C, 0xCE9C, 0xCE9C, 0xCEA4, 0xEFA4, 0xEFA4, 0xEFA4, 0xCEA4, 0xCEA4, 0xCE9C, 0xCEA4, 0xCE9C,
    0xAE9C, 0x4D94, 0xAB8B, 0xE87A, 0x6672, 0x867A, 0xC782, 0xE88A, 0x0893, 0x2893, 0x299B, 0x499B,
    0x49A3, 0x49A3, 0x6AA3, 0x4AA3, 0x4AA3, 0x2AA3, 0x29A3, 0x29A3, 0x29A3, 0x29A3, 0x2AA3, 0x2AA3,
    0x2AA3, 0x099B, 0x0A9B, 0x2A9B, 0x2A9B, 0x2A9B, 0x4B9B, 0x8B9B, 0x098B, 0xE97A, 0xA76A, 0x8762,
    0x6762, 0x665A, 0x8762, 0xE96A, 0xAA7B, 0x4D94, 0x6E94, 0xF19C, 0x94B5, 0xD6BD, 0xF7C5, 0xF7C5,
    0xF7C5, 0xF7C5, 0xF7C5, 0xF7C5, 0xF7C5, 0xF7C5, 0xF6C5, 0xF7C5, 0xF7C5, 0xF7C5, 0xF7C5, 0xF6C5,
    0xF6C5, 0xF6C5, 0xF6C5, 0xF6C5, 0xF6C5, 0xD6C5, 0xF6C5, 0xD6C5, 0xF6C5, 0xF6C5, 0xF6C5, 0xD6BD,
    0xD6BD, 0xF6C5, 0xD6BD, 0xD6BD, 0xD6BD, 0xD6BD, 0xD6BD, 0xD6BD, 0xB1B5, 0x91B5, 0x71AD, 0x51AD,
    0x50AD, 0x50AD, 0x50AD, 0x30A5, 0x30A5, 0x2FA5, 0x0FA5, 0x0FA5, 0x0FA5, 0xEF9C, 0xEF9C, 0xEF9C,
    0xEF9C, 0xEE9C, 0xCE9C, 0xCE9C, 0xCE9C, 0xCE9C, 0xAE94, 0x8D94, 0x6D8C, 0x8D94, 0x8D94, 0x8D94,
    0x8D94, 0x8D94, 0xCE9C, 0xCE9C, 0xCE9C, 0xCE9C, 0xEE9C, 0xCE9C, 0xCE9C, 0xCE9C, 0xCE9C, 0xCE9C,
    0xCEA4, 0xCEA4, 0xEEA4, 0xEEA4, 0xCE9C, 0xEEA4, 0xCE9C, 0xEFA4, 0xCEA4, 0x2C8C, 0x8A83, 0xE87A,
    0x867A, 0x867A, 0xA782, 0xE78A, 0x0893, 0x2893, 0x299B, 0x499B, 0x69A3, 0x6AA3, 0x6AA3, 0x6AA3,
    0x4AA3, 0x4AA3, 0x2AA3, 0x2AA3, 0x2AA3, 0x2AA3, 0x2AA3, 0x2AA3, 0x2AA3, 0x2AA3, 0x2AA3, 0x2AA3,
    0x2AA3, 0x4B9B, 0x6B9B, 0x4A93, 0x0983, 0xE872, 0x8762, 0x6762, 0x465A, 0x465A, 0xA862, 0x2973,
    0x0C8C, 0x4D94, 0xAF94, 0x53AD, 0xB5BD, 0xD6BD, 0xF7C5, 0xF7C5, 0xF7C5, 0xF7C5, 0xF7C5, 0xF7C5,
    0xF7C5, 0xF7C5, 0xF7C5, 0xF7C5, 0xF7C5, 0xF7C5, 0xF7C5, 0xF7C5, 0xF6C5, 0xF7C5, 0xF6C5, 0xF6C5,
    0xF6C5, 0xF6C5, 0xF6C5, 0xD6C5, 0xF6C5, 0xF6C5, 0xF6C5, 0xD6BD, 0xD6BD, 0xD6BD, 0xD6BD, 0xD6BD,
    0xD6BD, 0xD6BD, 0xD6BD, 0xD6BD, 0xB2B5, 0x91B5, 0x71AD, 0x71AD, 0x50AD, 0x30AD, 0x50AD, 0x30A5,
    0x30A5, 0x0FA5, 0x0FA5, 0x0FA5, 0x0FA5, 0x0FA5, 0xEF9C, 0xEF9C, 0xEF9C, 0xEE9C, 0xCE9C, 0xCE9C,
    0xCE9C, 0xCE9C, 0xCE9C, 0xAD94, 0x8D94, 0x8D94, 0x8D94, 0x8D94, 0x8D94, 0x8D94, 0xAE94, 0xCE9C,
    0xCE9C, 0xCE9C, 0xCE9C, 0xEE9C, 0xCE9C, 0xCE9C, 0xCE9C, 0xCE9C, 0xCE9C, 0xCE9C, 0xCE9C, 0xCEA4,
    0xCE9C, 0xCE9C, 0xCE9C, 0xEEA4, 0x6D94, 0x0C8C, 0x6A83, 0xE87A, 0x6672, 0xA67A, 0xA782, 0xC78A,
    0x0893, 0x0893, 0x299B, 0x499B, 0x499B, 0x6AA3, 0x6AA3, 0x6AA3, 0x4AA3, 0x4AA3, 0x2AA3, 0x2AA3,
    0x4AA3, 0x2AA3, 0x2AA3, 0x2AA3, 0x2AA3, 0x2AA3, 0x2AA3, 0x2A9B, 0x4AA3, 0x4A9B, 0x6B9B, 0x2A8B,
    0xE87A, 0xE86A, 0x8762, 0x465A, 0x465A, 0x465A, 0xC862, 0xCB83, 0x2D8C, 0x4D8C, 0x11A5, 0x94B5,
    0xD6BD, 0xF6C5, 0xF7C5, 0xF7C5, 0xF7C5, 0xF7C5, 0xF7C5, 0xF7C5, 0xF7C5, 0xF7C5, 0xF7C5, 0xF7C5,
    0xF7C5, 0xF7C5, 0xF6C5, 0xF7C5, 0xF7C5, 0xF7C5, 0xF7C5, 0xF7C5, 0xF7C5, 0xF6C5, 0xF6C5, 0xF6C5,
    0xF7C5, 0xF6C5, 0xD6BD, 0xF6C5, 0xD6BD, 0xD6BD, 0xD6BD, 0xD6BD, 0xD6BD, 0xD6BD, 0xD6BD, 0xD6BD,
    0xF3BD, 0x91B5, 0x70AD, 0x50AD, 0x51AD, 0x50AD, 0x30A5, 0x50AD, 0x30A5, 0x2FA5, 0x0FA5, 0x0FA5,
    0x0FA5, 0x0FA5, 0xEF9C, 0xEF9C, 0xEF9C, 0xEF9C, 0xEE9C, 0xCE9C, 0xCE9C, 0xCE9C, 0xCE9C, 0xAE94,
    0x8D94, 0x8D94, 0x8D94, 0x6C8C, 0x6D8C, 0x8D94, 0x8D94, 0xAE94, 0xCE9C, 0xCE9C, 0xCE9C, 0xCE9C,
    0xCE9C, 0xCE9C, 0xCE9C, 0xCE9C, 0xCEA4, 0xCE9C, 0xCEA4, 0xCE9C, 0xCE9C, 0xCE9C, 0xCE9C, 0xEEA4,
    0x8D94, 0xEB8B, 0x697B, 0xC87A, 0x6672, 0x867A, 0xC782, 0xE78A, 0x0893, 0x0893, 0x299B, 0x499B,
    0x499B, 0x6AA3, 0x6AA3, 0x6AA3, 0x4AA3, 0x4AA3, 0x4AA3, 0x4AA3, 0x4AA3, 0x2AA3, 0x4AA3, 0x2AA3,
    0x2AA3, 0x2AA3, 0x2AA3, 0x4AA3, 0x4AA3, 0x6BA3, 0x4A9B, 0x098B, 0xE87A, 0x8762, 0x6662, 0x265A,
    0x465A, 0x8862, 0x2973, 0x0C8C, 0x4D94, 0xCFA4, 0x53AD, 0xD5BD, 0xF6C5, 0xF6C5, 0xF7C5, 0xF7C5,
    0xF7C5, 0xF7C5, 0xF7C5, 0xF7C5, 0xF6C5, 0xF6C5, 0xF7C5, 0xF6C5, 0xF6C5, 0xF7C5, 0xF6C5, 0xF7C5,
    0xF7C5, 0xF7C5, 0xF7C5, 0xF6C5, 0xF7C5, 0xF6C5, 0xF6C5, 0xF6C5, 0xF6C5, 0xF6C5, 0xF6C5, 0xD6C5,
    0xD6C5, 0xD6C5, 0xD6C5, 0xD6C5, 0xD6BD, 0xD6BD, 0xD6BD, 0xD6BD, 0xF3BD, 0x71AD, 0x50AD, 0x30AD,
    0x50AD, 0x50AD, 0x30A5, 0x30A5, 0x30A5, 0x2FA5, 0x2FA5, 0x0FA5, 0x0FA5, 0x0FA5, 0x0FA5, 0xEF9C,
    0xEF9C, 0xEF9C, 0xEE9C, 0xCE9C, 0xCE9C, 0xCE9C, 0xCE9C, 0xCE9C, 0xAD94, 0x8D94, 0x8D94, 0x6C8C,
    0x6D8C, 0x8D94, 0x8D94, 0xAE94, 0xCE9C, 0xCE9C, 0xCE9C, 0xCE9C, 0xCE9C, 0xCE9C, 0xCE9C, 0xCE9C,
    0xCE9C, 0xCE9C, 0xCE9C, 0xCEA4, 0xCEA4, 0xCE9C, 0xCE9C, 0xCE9C, 0x6C94, 0xCB83, 0x497B, 0xC77A,
    0x6672, 0x867A, 0xC782, 0xC782, 0xE78A, 0x2893, 0x2893, 0x499B, 0x499B, 0x49A3, 0x6AA3, 0x6AA3,
    0x4AA3, 0x4AA3, 0x4AA3, 0x4AA3, 0x6AA3, 0x4AA3, 0x4AA3, 0x4AA3, 0x4AA3, 0x4BA3, 0x4AA3, 0x6AA3,
    0x6BA3, 0x6BA3, 0x2A93, 0x0983, 0xC872, 0x6762, 0x465A, 0x265A, 0x6662, 0xE872, 0xAA83, 0x2C8C,
    0x8E9C, 0x32AD, 0xB4B5, 0xF6C5, 0xF6C5, 0xF6C5, 0xF6C5, 0xF7C5, 0xF7C5, 0xF7C5, 0xF7C5, 0xF6C5,
    0xF7C5, 0xF7C5, 0xF7C5, 0xF7C5, 0xF6C5, 0xF6C5, 0xF6C5, 0xF7C5, 0xF7C5, 0xF6BD, 0xF6BD, 0xF6C5,
    0xF7C5, 0xF7C5, 0xF6C5, 0xF6C5, 0xF6C5, 0xF6C5, 0xF6C5, 0xD6C5, 0xD6C5, 0xD6C5, 0xD6C5, 0xD7C5,
    0xF6C5, 0xF6C5, 0xD6C5, 0xD6BD, 0xF3BD, 0x91B5, 0x50AD, 0x50AD, 0x50AD, 0x50AD, 0x50AD, 0x30A5,
    0x30A5, 0x2FA5, 0x2FA5, 0x0FA5, 0x0FA5, 0x0FA5, 0x0FA5, 0xEF9C, 0xEF9C, 0xEF9C, 0xEE9C, 0xEE9C,
    0xEE9C, 0xCE9C, 0xCE9C, 0xCE9C, 0xAE94, 0xAD94, 0x8D94, 0x8D94, 0x8D94, 0x6D8C, 0x8D94, 0x8D94,
    0xAE94, 0xCE9C, 0xCE9C, 0xCE9C, 0xCE9C, 0xCE9C, 0xCE9C, 0xCE9C, 0xCE9C, 0xCE9C, 0xCE9C, 0xCE9C,
    0xCE9C, 0xCE9C, 0xCE9C, 0xCE9C, 0x6D94, 0xCB8B, 0x297B, 0xA772, 0x4572, 0x6672, 0x867A, 0xE78A,
    0xE78A, 0x0893, 0x2893, 0x299B, 0x499B, 0x49A3, 0x49A3, 0x49A3, 0x4AA3, 0x4AA3, 0x6AA3, 0x6AA3,
    0x6AAB, 0x6AA3, 0x4AA3, 0x4AA3, 0x6BA3, 0x6BA3, 0x8BA3, 0x8BA3, 0x6BA3, 0x6A9B, 0x2A93, 0x0983,
    0xA76A, 0x6762, 0x255A, 0x265A, 0xA76A, 0x4A73, 0x2D8C, 0x6D94, 0xF1A4, 0x74B5, 0xB5BD, 0xF6C5,
    0xF7C5, 0xF7C5, 0xF7C5, 0xF7C5, 0xF7C5, 0xF7C5, 0xF7C5, 0xF6C5, 0xF6C5, 0xF6C5, 0xF7C5, 0xF7C5,
    0xF7C5, 0xF7C5, 0xF7C5, 0xF7C5, 0xF6C5, 0xF7C5, 0xF7C5, 0xF6C5, 0xF6C5, 0xF6C5, 0xF6C5, 0xF6C5,
    0xF6C5, 0xF6C5, 0xF6C5, 0xD6C5, 0xD6C5, 0xD6C5, 0xD6C5, 0xD6C5, 0xF6BD, 0xF6C5, 0xD6C5, 0xD6BD,
    0xD2BD, 0x91B5, 0x50A5, 0x2FA5, 0x2FA5, 0x50AD, 0x50AD, 0x50AD, 0x30A5, 0x30A5, 0x30A5, 0x0FA5,
    0x0FA5, 0x0FA5, 0xEE9C, 0xEF9C, 0xEF9C, 0x0FA5, 0xEF9C, 0xEF9C, 0xEE9C, 0xEE9C, 0xCE9C, 0xCE9C,
    0xCE9C, 0xAD94, 0x8D94, 0x8D94, 0x6C8C, 0x6C8C, 0x6D8C, 0x8D94, 0xAD94, 0xAE94, 0xCE9C, 0xCE9C,
    0xCE9C, 0xCE9C, 0xCE9C, 0xCE9C, 0xCE9C, 0xCE9C, 0xCE9C, 0xCE9C, 0xCE9C, 0xCE9C, 0xCE9C, 0xCE9C,
    0x4C8C, 0xCB8B, 0x087B, 0xC772, 0x4572, 0x6672, 0x867A, 0xC782, 0xC78A, 0xE78A, 0x0893, 0x299B,
    0x299B, 0x49A3, 0x4AA3, 0x4AA3, 0x6AA3, 0x8AA3, 0x6BA3, 0x6BAB, 0x6BA3, 0x6BA3, 0x6AA3, 0x6BAB,
    0x8BAB, 0x8BAB, 0x8BAB, 0x8BA3, 0x8BA3, 0x4A9B, 0x0A8B, 0xC87A, 0xA76A, 0x465A, 0x465A, 0x6662,
    0x096B, 0xCC83, 0x4E94, 0xAF9C, 0x53AD, 0xB5BD, 0xF6C5, 0xF7C5, 0xF7C5, 0xF7C5, 0xF7C5, 0xF7C5,
    0xF6C5, 0xF7C5, 0xF6C5, 0xF6C5, 0xF6C5, 0xF7C5, 0xF6C5, 0xF7C5, 0xF6C5, 0xF6C5, 0xF7C5, 0xF7C5,
    0xF7C5, 0xF6C5, 0xF6C5, 0xF7C5, 0xF7C5, 0xF6C5, 0xF6C5, 0xD6C5, 0xF6C5, 0xF6C5, 0xF6C5, 0xF6C5,
    0xF6C5, 0xF6C5, 0xF6C5, 0xF6C5, 0xD6BD, 0xD6BD, 0xD6BD, 0xD6BD, 0xD2B5, 0x91B5, 0x2FA5, 0x2FA5,
    0x2FA5, 0x2FA5, 0x50AD, 0x50AD, 0x50AD, 0x30AD, 0x30A5, 0x2FA5, 0x0FA5, 0x0FA5, 0x0FA5, 0x0FA5,
    0xEF9C, 0xEF9C, 0xEF9C, 0xEF9C, 0xEF9C, 0xEE9C, 0xCE9C, 0xCE9C, 0xCE9C, 0xAD94, 0xAD94, 0x8D94,
    0x8D94, 0x8C94, 0x6C8C, 0x8D94, 0xAD94, 0xAD94, 0xAE94, 0xAE9C, 0xAE9C, 0xCE9C, 0xCE9C, 0xCE9C,
    0xCE9C, 0xCE9C, 0xCE9C, 0xCE9C, 0xCE9C, 0xCE9C, 0xEEA4, 0xCE9C, 0x4C8C, 0x8A83, 0x297B, 0xA672,
    0x256A, 0x6672, 0xA67A, 0xC782, 0xC782, 0xE78A, 0x0893, 0x2893, 0x299B, 0x499B, 0x499B, 0x6AA3,
    0x6AA3, 0x8AA3, 0x6BAB, 0x6BA3, 0x6BAB, 0x6AA3, 0x8BAB, 0x8BAB, 0xABAB, 0xABAB, 0xABAB, 0x8BA3,
    0x8BA3, 0x4A9B, 0x098B, 0xE87A, 0xA76A, 0x0552, 0x2652, 0xC96A, 0xCC7B, 0x4E94, 0x6E94, 0x11A5,
    0x95B5, 0xD6BD, 0xF6C5, 0xF7C5, 0xF7C5, 0xF7C5, 0xF7C5, 0xF6C5, 0xF6C5, 0xF6C5, 0xF6C5, 0xF7C5,
    0xF6C5, 0xF6C5, 0xF6C5, 0xF7C5, 0xF6C5, 0xF6C5, 0xF6C5, 0xF6C5, 0xF6BD, 0xF6C5, 0xF6C5, 0xF6C5,
    0xF6C5, 0xF6C5, 0xF6C5, 0xF6C5, 0xF6C5, 0xF6C5, 0xD6BD, 0xF6C5, 0xF6C5, 0xD6BD, 0xF6C5, 0xF6C5,
    0xF6C5, 0xD6BD, 0xF6C5, 0xD6BD, 0xF3BD, 0x90AD, 0x2FA5, 0x0FA5, 0x0FA5, 0x2FA5, 0x2FA5, 0x30A5,
    0x2FA5, 0x50AD, 0x30A5, 0x2FA5, 0x0FA5, 0x0FA5, 0x0FA5, 0x0FA5, 0xEF9C, 0x0FA5, 0x0FA5, 0xEF9C,
    0xEF9C, 0xEE9C, 0xCE9C, 0xCE9C, 0xCE9C, 0xAE94, 0xAD94, 0x8D94, 0x6C8C, 0x6C94, 0x6C8C, 0x8C94,
    0x8D94, 0x8D94, 0xAD94, 0xAE94, 0xAE9C, 0xCE9C, 0xCE9C, 0xCE9C, 0xCE9C, 0xCE9C, 0xCE9C, 0xCE9C,
    0xCE9C, 0xCE9C, 0xCE9C, 0xAD9C, 0x2C8C, 0x8A83, 0x087B, 0x666A, 0x4572, 0x6672, 0x867A, 0xA67A,
    0xC782, 0xC782, 0xE78A, 0x0893, 0x289B, 0x499B, 0x49A3, 0x4AA3, 0x6AA3, 0x8BAB, 0x6BAB, 0x6AAB,
    0x6BAB, 0xABAB, 0x6BA3, 0x8BA3, 0xABAB, 0xABAB, 0xABAB, 0x8BA3, 0x8BA3, 0x2A9B, 0xE97A, 0xA86A,
    0x465A, 0x0552, 0xC862, 0x8B7B, 0x2D8C, 0x6D94, 0xD09C, 0x74AD, 0xD6BD, 0xF7C5, 0xF6C5, 0xF6C5,
    0xF6C5, 0xF7C5, 0xF6C5, 0xF6C5, 0xF6C5, 0xF6C5, 0xF7C5, 0xF7C5, 0xF7C5, 0xF7C5, 0xF7C5, 0xF7C5,
    0xF7C5, 0xF6C5, 0xF6C5, 0xF6C5, 0xF7C5, 0xF7C5, 0xF7C5, 0xF7C5, 0xF7C5, 0xF7C5, 0xF6C5, 0xF6C5,
    0xF7C5, 0xF6C5, 0xF6C5, 0xF6C5, 0xF6C5, 0xF6C5, 0xD6BD, 0xD6BD, 0xD6BD, 0xD6BD, 0xD6BD, 0xD6BD,
    0xD2B5, 0x90AD, 0x2FA5, 0x0FA5, 0x0FA5, 0x0FA5, 0x0FA5, 0x2FA5, 0x30A5, 0x30A5, 0x30A5, 0x2FA5,
    0x0FA5, 0x0FA5, 0x0FA5, 0x0FA5, 0x0FA5, 0x0FA5, 0x0FA5, 0xEF9C, 0xEF9C, 0xEF9C, 0xCE9C, 0xEE9C,
    0xCE9C, 0xAE94, 0xAD94, 0xAD94, 0x8D94, 0x6C8C, 0x6C8C, 0x6C8C, 0x8D94, 0x8D94, 0x8D94, 0xAE94,
    0xCE9C, 0xCE9C, 0xCE9C, 0xCE9C, 0xAE9C, 0xCE9C, 0xCE9C, 0xCE9C, 0xCE9C, 0xCE9C, 0xCE9C, 0xAD9C,
    0x2C8C, 0x8A83, 0x087B, 0x8672, 0x4572, 0x6672, 0x867A, 0xC782, 0xC782, 0xC782, 0xE78A, 0x2893,
    0x0893, 0x299B, 0x499B, 0x4AA3, 0x6AA3, 0x6AA3, 0x6AA3, 0x8AA3, 0x8BAB, 0x8BA3, 0x8BAB, 0xABAB,
    0xABAB, 0xABAB, 0xABA3, 0xABAB, 0x8B9B, 0x2A8B, 0xC972, 0x465A, 0x2652, 0x265A, 0x4B73, 0x2C8C,
    0x4D8C, 0x8F94, 0x73AD, 0xD6BD, 0xD6BD, 0xF6C5, 0xF6C5, 0xF6C5, 0xF7C5, 0xF6C5, 0xF6C5, 0xF6C5,
    0xF6C5, 0xF6C5, 0xF7C5, 0xF7C5, 0xF7C5, 0xF6C5, 0xF6C5, 0xF6C5, 0xF6C5, 0xF6C5, 0xF6C5, 0xF6C5,
    0xF6C5, 0xF7C5, 0xF6C5, 0xF6C5, 0xF6C5, 0xF6C5, 0xF6C5, 0xF6C5, 0xF6C5, 0xF6C5, 0xF6C5, 0xF6C5,
    0xF6C5, 0xF6C5, 0xF6C5, 0xD6BD, 0xD6BD, 0xD6BD, 0xD6BD, 0xD6BD, 0xF3BD, 0x71AD, 0x30A5, 0xEE9C,
    0xEE9C, 0x0FA5, 0x0FA5, 0x0FA5, 0x2FA5, 0x2FA5, 0x2FA5, 0x2FA5, 0x0FA5, 0x2FA5, 0x0FA5, 0x0FA5,
    0x0FA5, 0x0FA5, 0x0FA5, 0xEF9C, 0xEF9C, 0xEF9C, 0xEE9C, 0xCE9C, 0xCE9C, 0xCE9C, 0xAE94, 0xAD94,
    0x8D94, 0x6C8C, 0x6C8C, 0x6C8C, 0x6C8C, 0x6C8C, 0x8D94, 0xAD94, 0xAE94, 0xCE9C, 0xCE9C, 0xCE9C,
    0xAE9C, 0xAE9C, 0xCE9C, 0xCEA4, 0xCE9C, 0xCE9C, 0xCE9C, 0x8D9C, 0x0C8C, 0x6A83, 0x087B, 0xA772,
    0x4572, 0x6672, 0x6672, 0xA77A, 0xE782, 0xC782, 0xE782, 0xE88A, 0xE892, 0x2993, 0x299B, 0x4A9B,
    0x6AA3, 0x6AA3, 0x8BA3, 0x6AA3, 0x6BA3, 0x6BA3, 0x8BA3, 0x8BAB, 0xABAB, 0xABA3, 0xABAB, 0x8BA3,
    0x4B93, 0xE97A, 0x6762, 0xE549, 0x2652, 0xE86A, 0xAB7B, 0x4C94, 0x6E8C, 0x52AD, 0xB5B5, 0xF7BD,
    0xF7C5, 0xF7C5, 0xF7C5, 0xF7C5, 0xF7C5, 0xF7C5, 0xF7C5, 0xF7C5, 0xF7C5, 0xF7C5, 0xF7C5, 0xF6C5,
    0xF7C5, 0xF7C5, 0xF6C5, 0xF6C5, 0xF6C5, 0xF6C5, 0xF6C5, 0xF6C5, 0xF6C5, 0xF6C5, 0xF6C5, 0xF6C5,
    0xF6C5, 0xF6C5, 0xF6C5, 0xF7C5, 0xF6C5, 0xF6C5, 0xF6C5, 0xF6C5, 0xF6C5, 0xF6C5, 0xD6BD, 0xD6BD,
    0xD6BD, 0xD6BD, 0xD6BD, 0xD6BD, 0xD2BD, 0x91B5, 0x2FA5, 0xEE9C, 0xCE9C, 0xEE9C, 0xEE9C, 0x0FA5,
    0x0FA5, 0x0FA5, 0x0FA5, 0x2FA5, 0x0FA5, 0x0FA5, 0x0FA5, 0x0FA5, 0x0FA5, 0x0FA5, 0xEF9C, 0xEF9C,
    0xEF9C, 0xEF9C, 0xEE9C, 0xEE9C, 0xCE9C, 0xCE9C, 0xAE94, 0xAD94, 0x8D94, 0x6C8C, 0x6C8C, 0x6C8C,
    0x6C8C, 0x6C8C, 0x8D94, 0x8D94, 0xAD94, 0xAD94, 0xCE9C, 0xCE9C, 0xAE9C, 0xCE9C, 0xCE9C, 0xCE9C,
    0xCE9C, 0xAE9C, 0xCE9C, 0x8D94, 0x2C8C, 0x8A83, 0x077B, 0x8672, 0x456A, 0x6672, 0x6672, 0x6672,
    0x867A, 0x877A, 0x877A, 0xA782, 0xC882, 0xC882, 0xE88A, 0x0993, 0x499B, 0x299B, 0x4AA3, 0x6AA3,
    0x6AA3, 0x8BA3, 0x8BA3, 0x8BA3, 0xABAB, 0xABAB, 0xCCAB, 0x8BA3, 0xE97A, 0xE549, 0xC549, 0xC549,
    0x6762, 0xAB7B, 0x2C8C, 0x4D8C, 0x32A5, 0xB5B5, 0xD6BD, 0xF7C5, 0xF7C5, 0xF7C5, 0xF7BD, 0xF7C5,
    0xF7C5, 0xF7C5, 0xF7C5, 0xF7C5, 0xF7C5, 0xF7C5, 0xF7C5, 0xF7C5, 0xF7C5, 0xF6C5, 0xF6C5, 0xF7C5,
    0xF6C5, 0xF6C5, 0xF6C5, 0xF6C5, 0xF7C5, 0xF7C5, 0xF6C5, 0xF6C5, 0xF7C5, 0xF7C5, 0xF6C5, 0xF6C5,
    0xF6C5, 0xF6C5, 0xF6C5, 0xF6C5, 0xD6BD, 0xD6BD, 0xD6BD, 0xD6BD, 0xD6BD, 0xD6BD, 0xD6BD, 0xD6BD,
    0xF3BD, 0xB1B5, 0x2FA5, 0xEE9C, 0xCE9C, 0xCE9C, 0xCE9C, 0xEE9C, 0x0FA5, 0x0FA5, 0x0FA5, 0x0FA5,
    0x0FA5, 0x0FA5, 0x0FA5, 0x0FA5, 0x0FA5, 0x0FA5, 0xEF9C, 0xEF9C, 0xEF9C, 0xEF9C, 0xEF9C, 0xEE9C,
    0xEE9C, 0xCE9C, 0xAE94, 0xAD94, 0xAD94, 0x8D94, 0x6C8C, 0x6C8C, 0x6C8C, 0x6C8C, 0x6C8C, 0x8D94,
    0xAD94, 0xAD94, 0xCE9C, 0xCE9C, 0xAE9C, 0xAE9C, 0xCE9C, 0xCE9C, 0xCE9C, 0xCE9C, 0xCE9C, 0x6D94,
    0x0C8C, 0x6A83, 0x087B, 0x8672, 0x4672, 0x4572, 0x2562, 0x2562, 0xC451, 0xE459, 0xE461, 0xE459,
    0xE459, 0x055A, 0x266A, 0x6672, 0xA77A, 0xE782, 0xE88A, 0x098B, 0x0993, 0x6A9B, 0x6A9B, 0xABA3,
    0xAAA3, 0x8AA3, 0x6B93, 0xA539, 0xA539, 0x6331, 0xE549, 0x4752, 0x497B, 0x4D8C, 0x6D8C, 0xD09C,
    0xB5B5, 0xD6BD, 0xF7C5, 0xF7C5, 0xF7C5, 0xF7C5, 0xF7BD, 0xF7C5, 0xF7C5, 0xF7C5, 0xF7C5, 0xF7C5,
    0xF7C5, 0xF7C5, 0xF7C5, 0xF7C5, 0xF7C5, 0xF7C5, 0xF7C5, 0xF7C5, 0xF6C5, 0xF6C5, 0xF6C5, 0xF6C5,
    0xF6C5, 0xF6C5, 0xF6C5, 0xF7C5, 0xF6C5, 0xF7C5, 0xF6C5, 0xF6C5, 0xF6C5, 0xF6C5, 0xF6C5, 0xF6C5,
    0xF6BD, 0xD6BD, 0xF6BD, 0xD6BD, 0xD6BD, 0xD6BD, 0xD6BD, 0xD6BD, 0x13C6, 0xD2BD, 0x50AD, 0xEE9C,
    0xCE9C, 0xCE9C, 0xCE9C, 0xCE9C, 0xCE9C, 0xEF9C, 0x0FA5, 0x0FA5, 0x0FA5, 0x0FA5, 0x0FA5, 0x0FA5,
    0x0FA5, 0x0FA5, 0x0FA5, 0xEF9C, 0xEF9C, 0x0FA5, 0xEF9C, 0xEE9C, 0xEE9C, 0xCE9C, 0xCE9C, 0xAD94,
    0xAD94, 0x8D94, 0x6C8C, 0x6C8C, 0x6C8C, 0x6C8C, 0x6C8C, 0x6C8C, 0x8D94, 0xAD94, 0xAE94, 0xCE9C,
    0xAE9C, 0xAE9C, 0xCE9C, 0xCE9C, 0xCE9C, 0xCE9C, 0xAE9C, 0x6D94, 0x0B8C, 0x8A83, 0x287B, 0x8672,
    0x6672, 0x0462, 0xE459, 0x8341, 0x6341, 0x2239, 0x0239, 0x2239, 0x6341, 0x8449, 0xA449, 0xE551,
    0x055A, 0x466A, 0x466A, 0x8772, 0xA772, 0xC87A, 0xC872, 0xC872, 0xC972, 0x4762, 0x8241, 0x6331,
    0xA339, 0xC441, 0x4652, 0x096B, 0x2C84, 0x2C8C, 0xAF94, 0x74B5, 0xF6BD, 0xF7C5, 0xF7C5, 0xF7C5,
    0xF7C5, 0xF7C5, 0xF7C5, 0xF7C5, 0xF7C5, 0xF7C5, 0xF7C5, 0xF7C5, 0xF7C5, 0xF7C5, 0xF7C5, 0xF7C5,
    0xF7C5, 0xF7C5, 0xF7C5, 0xF7C5, 0xF7C5, 0xF7C5, 0xF7C5, 0xF7C5, 0xF7C5, 0xF7C5, 0xF7C5, 0xF6C5,
    0xF6C5, 0xF6C5, 0xF6C5, 0xF6C5, 0xF7C5, 0xF6C5, 0xF6C5, 0xF6C5, 0xD6BD, 0xF6BD, 0xD6BD, 0xD6BD,
    0xD6BD, 0xD6BD, 0xD6BD, 0xD6BD, 0x34C6, 0xF3BD, 0x91B5, 0x30A5, 0xEF9C, 0xCE9C, 0xCE9C, 0xCE9C,
    0xEE9C, 0xEE9C, 0xEE9C, 0x0FA5, 0x0FA5, 0x0FA5, 0x0FA5, 0x0FA5, 0x0FA5, 0x0FA5, 0x0FA5, 0x0FA5,
    0x0FA5, 0x0FA5, 0x0FA5, 0xEF9C, 0xEE9C, 0xCE9C, 0xCE9C, 0xAE94, 0xAE94, 0xAD94, 0x8D94, 0x6C8C,
    0x6C8C, 0x6C8C, 0x6C8C, 0x6D8C, 0x6D8C, 0xAD94, 0xAD94, 0xAE94, 0xAE9C, 0xAE9C, 0xAE9C, 0xCE9C,
    0xCE9C, 0xCE9C, 0xAE9C, 0x6C94, 0xEB8B, 0x8A83, 0xE87A, 0x666A, 0x456A, 0xA351, 0x4239, 0xE228,
    0xC218, 0xA118, 0xA118, 0xC118, 0xE218, 0x0229, 0x2229, 0x6339, 0x6339, 0xA449, 0xC449, 0xE549,
    0x0552, 0x2652, 0xE551, 0xC449, 0x6339, 0x2229, 0x6331, 0x8339, 0xA439, 0x254A, 0x086B, 0xCB7B,
    0x2C84, 0x6D94, 0x74AD, 0xD6BD, 0xF7BD, 0xF7C5, 0xF7C5, 0xF7C5, 0xF7C5, 0xF7C5, 0xF7C5, 0xF7C5,
    0xF7C5, 0xF7C5, 0xF7C5, 0xF7C5, 0xF7C5, 0xF7C5, 0xF7C5, 0xF7C5, 0xF7C5, 0xF7C5, 0xF7C5, 0xF7C5,
    0xF7C5, 0xF7C5, 0xF7C5, 0xF7C5, 0xF6C5, 0xF6C5, 0xF7C5, 0xF6C5, 0xF6C5, 0xF6C5, 0xF6C5, 0xF7C5,
    0xF6C5, 0xF6BD, 0xF7BD, 0xF6BD, 0xF6BD, 0xF6BD, 0xD6BD, 0xD6BD, 0xD6BD, 0xD6BD, 0xD6BD, 0xD6BD,
    0x34C6, 0x13BE, 0xB1B5, 0x70AD, 0x0FA5, 0xEF9C, 0xEE9C, 0xCE9C, 0xEE9C, 0xEE9C, 0xEE9C, 0xEF9C,
    0x0FA5, 0xEF9C, 0x0FA5, 0x0FA5, 0x0FA5, 0x0FA5, 0x0FA5, 0x0FA5, 0x0FA5, 0x0FA5, 0xEF9C, 0xEF9C,
    0xEF9C, 0xCE9C, 0xCE9C, 0xCE9C, 0xCE9C, 0xAD94, 0x8D94, 0x6C8C, 0x6C8C, 0x6C8C, 0x6C8C, 0x6D8C,
    0x6D8C, 0x8D94, 0x8D94, 0xAE94, 0xAE9C, 0xAE9C, 0xAE9C, 0xAE9C, 0xCE9C, 0xAE9C, 0xCE9C, 0x6C94,
    0xEB8B, 0x8A83, 0x087B, 0x6672, 0x2562, 0x6341, 0x0231, 0xC218, 0xA118, 0x8110, 0xA110, 0x8110,
    0x8110, 0xA110, 0xA110, 0xC118, 0x0229, 0x2329, 0x4329, 0x2329, 0x2229, 0x4331, 0x0229, 0x2229,
    0x2229, 0x4331, 0x6339, 0xC441, 0x054A, 0xE762, 0xEB7B, 0x2C84, 0x6D8C, 0x74B5, 0xD6BD, 0xF7BD,
    0xF7C5, 0xF7C5, 0xF7C5, 0xF7C5, 0xF7C5, 0xF7C5, 0xF7C5, 0xF7C5, 0xF7C5, 0xF7C5, 0xF7C5, 0xF7C5,
    0xF7C5, 0xF7C5, 0xF7C5, 0xF7C5, 0xF6C5, 0xF7C5, 0xF7C5, 0xF7C5, 0xF7C5, 0xF7C5, 0xF7C5, 0xF7C5,
    0xF7C5, 0xF7C5, 0xF7C5, 0xF7C5, 0xF7C5, 0xF7C5, 0xF7C5, 0xF6C5, 0xF7C5, 0xF6BD, 0xF7BD, 0xF6BD,
    0xF7BD, 0xF6BD, 0xF6BD, 0xF6BD, 0xD6BD, 0xD6BD, 0xD6BD, 0xD6BD, 0x54CE, 0x13C6, 0xB1B5, 0x71AD,
    0x30A5, 0xEF9C, 0xEE9C, 0xEE9C, 0xEE9C, 0xEE9C, 0xEE9C, 0xEF9C, 0xEE9C, 0xEF9C, 0xEF9C, 0xEF9C,
    0xEF9C, 0x0FA5, 0x0FA5, 0xEF9C, 0x0FA5, 0x0FA5, 0xEF9C, 0xEF9C, 0xEE9C, 0xEF9C, 0xCE9C, 0xCE9C,
    0xCE9C, 0x8D94, 0x8D94, 0x6C8C, 0x6C8C, 0x6C8C, 0x6C8C, 0x6D8C, 0x6D8C, 0x8D94, 0x8D94, 0x8D94,
    0xAD94, 0xAE9C, 0xAE9C, 0xAE9C, 0xAE9C, 0xAE9C, 0xAE9C, 0x6C94, 0xEB8B, 0x8A83, 0x087B, 0x666A,
    0xC349, 0x0229, 0xC220, 0xA218, 0xA110, 0x8110, 0x8110, 0xA118, 0x8110, 0xA118, 0xC218, 0xE218,
    0x0221, 0x0221, 0x0221, 0x0221, 0x0221, 0x0221, 0x0221, 0x2329, 0x4329, 0x6339, 0xC441, 0x254A,
    0x086B, 0xEB83, 0x2B8C, 0x2D8C, 0x33AD, 0xD6BD, 0xF7BD, 0xF7C5, 0xF7C5, 0xF7C5, 0xF7C5, 0xF7C5,
    0xF7C5, 0xF7C5, 0xF7C5, 0xF7C5, 0xF7C5, 0xF7C5, 0xF7C5, 0xF7C5, 0xF7C5, 0xF7C5, 0xF7C5, 0xF7C5,
    0xF7C5, 0xF7C5, 0xF7C5, 0xF6C5, 0xF7C5, 0xF6C5, 0xF6C5, 0xF7C5, 0xF6C5, 0xF7C5, 0xF7C5, 0xF7C5,
    0xF6C5, 0xF7C5, 0xF7C5, 0xF6BD, 0xF7C5, 0xF7BD, 0xF7BD, 0xF6BD, 0xF6BD, 0xF6BD, 0xF6BD, 0xF6BD,
    0xD6BD, 0xD6BD, 0xD6BD, 0xD6BD, 0x55CE, 0x34C6, 0xD2BD, 0x91B5, 0x50AD, 0x0FA5, 0xEF9C, 0xEF9C,
    0xEE9C, 0xEF9C, 0xEE9C, 0xEF9C, 0xEE9C, 0xEF9C, 0xEF9C, 0xEF9C, 0xEF9C, 0xEF9C, 0xEF9C, 0x0FA5,
    0x0FA5, 0x0FA5, 0x0FA5, 0xEF9C, 0xEF9C, 0xEE9C, 0xCE9C, 0xCE9C, 0xCE9C, 0xAE94, 0x8D94, 0x6D8C,
    0x6C8C, 0x6C8C, 0x6C8C, 0x6C8C, 0x6C8C, 0x6D8C, 0x8D94, 0x8D94, 0x8D94, 0xAE9C, 0xAE9C, 0xAE9C,
    0xAE9C, 0xAE9C, 0xAE9C, 0x4C94, 0xEB8B, 0x6A83, 0xC772, 0x0552, 0x4331, 0xE220, 0xA118, 0xA110,
    0x8110, 0x8110, 0x8110, 0xA118, 0xC218, 0xE218, 0x0221, 0x0221, 0x2329, 0x2329, 0x0221, 0x0221,
    0x2229, 0x2229, 0x2329, 0x2329, 0x8331, 0xC439, 0x044A, 0x286B, 0xEB83, 0x4C8C, 0x2C8C, 0x32A5,
    0xB5BD, 0xF6BD, 0xF7C5, 0xF7C5, 0xF7C5, 0xF7C5, 0xF7C5, 0xF7C5, 0xF7C5, 0xF7C5, 0xF7C5, 0x17C6,
    0xF7C5, 0xF7C5, 0xF7C5, 0xF7C5, 0xF7C5, 0xF7C5, 0xF7C5, 0xF7C5, 0xF7C5, 0xF7C5, 0xF7C5, 0xF7C5,
    0xF6BD, 0xF6BD, 0xF6C5, 0xF6C5, 0xF6C5, 0xF6C5, 0xF7C5, 0xF6C5, 0xF7C5, 0xF6BD, 0xF7BD, 0xF7BD,
    0xF7BD, 0xF7BD, 0xF6BD, 0xF6BD, 0xF6BD, 0xF6BD, 0xD6BD, 0xD6BD, 0xD6BD, 0xD6BD, 0xD6BD, 0xD6BD,
    0x75CE, 0x34C6, 0x13C6, 0x91B5, 0x50AD, 0x10A5, 0x0FA5, 0xEF9C, 0xEF9C, 0xEF9C, 0xEF9C, 0xEE9C,
    0xEE9C, 0xEE9C, 0xEE9C, 0xEE9C, 0xEE9C, 0xEF9C, 0xEF9C, 0x0FA5, 0xEF9C, 0x0FA5, 0xEF9C, 0xEF9C,
    0xEF9C, 0xEF9C, 0xEE9C, 0xCE9C, 0xCE9C, 0xCE9C, 0xAD94, 0x8D94, 0x6D8C, 0x6C8C, 0x6C8C, 0x4C8C,
    0x4C8C, 0x6C8C, 0x6D8C, 0x8D94, 0x8D94, 0x8D94, 0x8D9C, 0xAD9C, 0xAE9C, 0xAE9C, 0xAD9C, 0x6D94,
    0xCB8B, 0x6A83, 0x8662, 0x4339, 0x0221, 0xC218, 0xA118, 0x8110, 0x8110, 0xA118, 0xA118, 0xC218,
    0x0221, 0x0221, 0x2329, 0x4329, 0x4331, 0x4329, 0x4329, 0x4329, 0x4329, 0x2329, 0x4329, 0xC439,
    0xE441, 0x6552, 0x286B, 0x2C8C, 0x2C8C, 0x2C8C, 0x12A5, 0xB5B5, 0xF6BD, 0xF6C5, 0xF7C5, 0xF7C5,
    0xF7C5, 0xF7C5, 0xF7C5, 0xF7C5, 0xF7C5, 0xF7C5, 0xF7C5, 0xF7C5, 0xF7C5, 0xF7C5, 0xF7C5, 0xF7C5,
    0xF7C5, 0xF7C5, 0xF7C5, 0xF7C5, 0xF7C5, 0xF7C5, 0xF7C5, 0xF7C5, 0xF7BD, 0xF6BD, 0xF6C5, 0xF6C5,
    0xF6C5, 0xF7C5, 0xF7C5, 0xF7C5, 0xF7C5, 0xF6C5, 0xF6BD, 0xF6BD, 0xF6BD, 0xF6BD, 0xF6BD, 0xF6BD,
    0xF6BD, 0xD6BD, 0xD6BD, 0xD6BD, 0xD6BD, 0xD6BD, 0xD6BD, 0xD6BD, 0x96D6, 0x54C6, 0x13C6, 0xB1B5,
    0x71AD, 0x10A5, 0x0FA5, 0xEF9C, 0xEF9C, 0xEF9C, 0xEE9C, 0xEE9C, 0xCE9C, 0xCE9C, 0xEE9C, 0xEE9C,
    0xCE9C, 0x0FA5, 0xEF9C, 0xEF9C, 0xEF9C, 0x0FA5, 0xEF9C, 0xEF9C, 0xEF9C, 0xEF9C, 0xEE9C, 0xCE9C,
    0xCE9C, 0xCE9C, 0xAD94, 0x8D94, 0x6D8C, 0x6D8C, 0x4C8C, 0x4C8C, 0x4C8C, 0x6C8C, 0x6D8C, 0x6D94,
    0x8D94, 0x8D94, 0xAD9C, 0xAE9C, 0xAE9C, 0xAE9C, 0x8D94, 0x2C8C, 0xAA83, 0x0873, 0x254A, 0x0229,
    0xC218, 0xA118, 0x8110, 0x8110, 0xA110, 0xC218, 0xE220, 0x0221, 0x2329, 0x4329, 0x6431, 0x6431,
    0x6431, 0x6431, 0x6431, 0x4331, 0x6331, 0x8431, 0xE441, 0x254A, 0xC762, 0x4873, 0x0B84, 0xEB83,
    0x0C84, 0x11A5, 0xD6BD, 0xF7C5, 0xF7C5, 0xF7C5, 0xF7C5, 0xF7C5, 0xF7C5, 0xF7C5, 0xF7C5, 0xF7C5,
    0xF7C5, 0xF7C5, 0xF7C5, 0xF7C5, 0xF7C5, 0xF7C5, 0xF7C5, 0xF7C5, 0xF7C5, 0xF7C5, 0xF7BD, 0xF7C5,
    0xF7BD, 0xF7BD, 0xF7BD, 0xF7BD, 0xF7BD, 0xF7BD, 0xF7BD, 0xF7BD, 0xF7BD, 0xF6BD, 0xF7BD, 0xF7BD,
    0xF7BD, 0xF7BD, 0xF7C5, 0xF7BD, 0xF7BD, 0xF7BD, 0xF6BD, 0xF6BD, 0xF6BD, 0xF6BD, 0xD6BD, 0xD6BD,
    0xD6BD, 0xD6BD, 0xD6BD, 0xD6BD, 0x96D6, 0x75CE, 0x34C6, 0xF3BD, 0x92B5, 0x51AD, 0x30A5, 0x0FA5,
    0xEE9C, 0xEF9C, 0xEE9C, 0xEE9C, 0xCE9C, 0xCE9C, 0xCE9C, 0xEE9C, 0xCE9C, 0xEE9C, 0xEE9C, 0xEF9C,
    0xEF9C, 0xEF9C, 0xEE9C, 0xEF9C, 0xEF9C, 0xEF9C, 0xEF9C, 0xEE9C, 0xEE9C, 0xCE9C, 0xAE94, 0xAD94,
    0x6D8C, 0x6C8C, 0x4C8C, 0x4C8C, 0x4C8C, 0x4C8C, 0x4C8C, 0x6D8C, 0x6D94, 0x6D94, 0x8D94, 0xAD9C,
    0xAD9C, 0xAE9C, 0x6D94, 0x0C8C, 0x6973, 0x875A, 0xA439, 0xC220, 0x8110, 0x8110, 0x8110, 0xA118,
    0xE218, 0xE220, 0x2229, 0x4329, 0x6431, 0x6431, 0x8439, 0x8431, 0x8439, 0x8439, 0x8431, 0x8439,
    0xE649, 0x0642, 0xE762, 0xAA7B, 0x0C84, 0x4C8C, 0x0B84, 0x8F94, 0xD5BD, 0xF6C5, 0xF6C5, 0xF7C5,
    0x17C6, 0xF7C5, 0xF7C5, 0xF7C5, 0xF7C5, 0xF7C5, 0xF7C5, 0xF7C5, 0xF7C5, 0xF7C5, 0xF7C5, 0xF7C5,
    0xF7C5, 0xF7BD, 0xF7BD, 0xF7C5, 0xF7C5, 0xF7C5, 0xF6BD, 0xF6BD, 0xF6BD, 0xF7BD, 0xF7BD, 0xF7BD,
    0xF6BD, 0xF6BD, 0xF6BD, 0xF7BD, 0xF6BD, 0xF6BD, 0xF7BD, 0xF7BD, 0xF7BD, 0xF7BD, 0xF7BD, 0xF7C5,
    0xF7BD, 0xF6BD, 0xF6BD, 0xF6BD, 0xF6BD, 0xF6BD, 0xF6BD, 0xD6BD, 0xD6BD, 0xD6BD, 0xD6BD, 0xD6BD,
    0xB6D6, 0x95D6, 0x54CE, 0x13C6, 0xD2BD, 0x71AD, 0x30AD, 0x0FA5, 0xEF9C, 0x0FA5, 0xEE9C, 0xCE9C,
    0xCE9C, 0xCE9C, 0xCE9C, 0xCE9C, 0xEE9C, 0xCE9C, 0xEE9C, 0xEE9C, 0xEE9C, 0xEE9C, 0xEF9C, 0xEF9C,
    0xEE9C, 0xEF9C, 0xEF9C, 0xEF9C, 0xEE9C, 0xCE9C, 0xCE9C, 0xAD94, 0x8D94, 0x6D8C, 0x4C8C, 0x4B8C,
    0x2B84, 0x4B8C, 0x4C8C, 0x4C8C, 0x6C94, 0x6D94, 0x8D94, 0x8D94, 0x8D9C, 0xAD9C, 0x6C94, 0x0B84,
    0x4973, 0x6752, 0x8439, 0xA218, 0x8110, 0x8110, 0xA118, 0xC218, 0xE220, 0x2329, 0x6431, 0x6431,
    0x8431, 0xA439, 0xA539, 0xC541, 0xA539, 0xC541, 0x064A, 0x2752, 0x8862, 0x4973, 0x0B84, 0x4C8C,
    0x2C8C, 0x2C84, 0xAF94, 0xD6BD, 0xF6C5, 0x17C6, 0xF7C5, 0xF7C5, 0xF7C5, 0xF7C5, 0xF7C5, 0xF7C5,
    0xF7C5, 0xF7C5, 0xF7C5, 0xF7C5, 0xF7C5, 0xF7C5, 0xF7C5, 0xF7C5, 0xF7BD, 0xF7BD, 0xF7C5, 0xF7BD,
    0xF6BD, 0xF7BD, 0xF6BD, 0xF7BD, 0xF7BD, 0xF7BD, 0xF6BD, 0xF7BD, 0xF6BD, 0xF6BD, 0xF6BD, 0xF6BD,
    0xF6BD, 0xF7BD, 0xF7BD, 0xF7BD, 0xF7BD, 0xF6BD, 0xF6BD, 0xF6BD, 0xF6BD, 0xF6BD, 0xF7BD, 0xF6BD,
    0xF6BD, 0xF6BD, 0xF6BD, 0xF6BD, 0xF6BD, 0xD6BD, 0xD6BD, 0xD6BD, 0xD6DE, 0x96D6, 0x75CE, 0x33C6,
    0x13C6, 0xB2B5, 0x51AD, 0x2FA5, 0x0FA5, 0xEF9C, 0xEE9C, 0xCE9C, 0xCE9C, 0xCE9C, 0xCE9C, 0xCE9C,
    0xCE9C, 0xCE9C, 0xEE9C, 0xEE9C, 0xCE9C, 0xEE9C, 0xEF9C, 0xEE9C, 0xEF9C, 0xEE9C, 0xEE9C, 0xEF9C,
    0xEE9C, 0xCE9C, 0xCE9C, 0xAE94, 0xAD94, 0x6D8C, 0x4C8C, 0x4C8C, 0x2B84, 0x2B84, 0x4B8C, 0x4C8C,
    0x4C8C, 0x6C94, 0x8D94, 0x8D94, 0x8D94, 0x8D94, 0x4C94, 0xCB83, 0x296B, 0x6752, 0x4331, 0xA118,
    0x8110, 0x8110, 0xA118, 0xE220, 0x2329, 0x6431, 0x8439, 0xC541, 0xE541, 0xE541, 0xE541, 0x0642,
    0x264A, 0xA85A, 0xE962, 0x6A73, 0xAA7B, 0x2C8C, 0x4C8C, 0x0B84, 0x2C8C, 0x10A5, 0xD5BD, 0xF6C5,
    0x17C6, 0x17C6, 0x17C6, 0x17C6, 0x17C6, 0xF7C5, 0xF7C5, 0x17C6, 0x17C6, 0x17C6, 0x17C6, 0xF7C5,
    0xF7C5, 0xF7C5, 0x17C6, 0xF7C5, 0xF7C5, 0xF7BD, 0xF7BD, 0xF7BD, 0xF7BD, 0xF7BD, 0xF7BD, 0xF6BD,
    0xF7BD, 0xF7BD, 0xF6BD, 0xF6BD, 0xF6BD, 0xF6BD, 0xF6BD, 0xF6BD, 0xF7BD, 0xF7BD, 0xF7BD, 0xF7BD,
    0xF6BD, 0xF6BD, 0xF6BD, 0xF7BD, 0xF6BD, 0xF6BD, 0xF6BD, 0xF7BD, 0xF6BD, 0xF6BD, 0xF6BD, 0xF6BD,
    0xD6BD, 0xD6BD, 0xD6BD, 0xD6BD, 0xD7DE, 0xB6D6, 0xB6D6, 0x55CE, 0x14C6, 0xD3BD, 0x91B5, 0x50AD,
    0x0FA5, 0x0FA5, 0xEF9C, 0xEF9C, 0xEE9C, 0xEE9C, 0xEE9C, 0xCE9C, 0xCE9C, 0xEE9C, 0xEE9C, 0xEE9C,
    0xEE9C, 0xEE9C, 0xCE9C, 0xCE9C, 0xEE9C, 0xCE9C, 0xEF9C, 0xEE9C, 0xEF9C, 0xEE9C, 0xEE9C, 0xCE9C,
    0xAE94, 0x8D94, 0x6C8C, 0x4C8C, 0x2B84, 0x2B84, 0x2B84, 0x4C8C, 0x4C8C, 0x4C8C, 0x6D94, 0x8D94,
    0x8D94, 0x8D94, 0x4C8C, 0xCB83, 0x086B, 0x4652, 0x6331, 0x8110, 0x8110, 0xA118, 0x0221, 0x4329,
    0xA539, 0xC541, 0xE541, 0x054A, 0x264A, 0x264A, 0x6652, 0xC75A, 0x086B, 0x8A7B, 0xEB83, 0x2C8C,
    0x6C8C, 0xEB83, 0x0B84, 0x4D8C, 0x73AD, 0xD6BD, 0xF6C5, 0x17C6, 0x17C6, 0xF7C5, 0x17C6, 0xF7C5,
    0x17C6, 0x17C6, 0x17C6, 0x17C6, 0x17C6, 0x17C6, 0xF7C5, 0xF7C5, 0xF7C5, 0xF7C5, 0xF7C5, 0xF7C5,
    0xF7C5, 0xF7BD, 0xF7C5, 0xF7C5, 0xF7BD, 0xF7BD, 0xF7C5, 0xF7C5, 0xF7C5, 0xF7C5, 0xF7C5, 0xF7BD,
    0xF6BD, 0xF6BD, 0xF6BD, 0xF6BD, 0xF7BD, 0xF6BD, 0xF7BD, 0xF7BD, 0xF7BD, 0xF6BD, 0xF6BD, 0xF7BD,
    0xF6BD, 0xF6BD, 0xF7BD, 0xF6BD, 0xF6BD, 0xF6BD, 0xD6BD, 0xD6BD, 0xD6BD, 0xD6BD, 0xD6BD, 0xD6BD,
    0xF7DE, 0xD7DE, 0x96D6, 0x75D6, 0x54CE, 0x14C6, 0xD3BD, 0x71AD, 0x30AD, 0x0FA5, 0xEFA4, 0xEF9C,
    0xEF9C, 0xEE9C, 0xEE9C, 0xEE9C, 0xCE9C, 0xEE9C, 0xCE9C, 0xEE9C, 0xEE9C, 0xEE9C, 0xCE9C, 0xCE9C,
    0xCE9C, 0xCE9C, 0xCE9C, 0xEE9C, 0xCE9C, 0xEE9C, 0xEE9C, 0xCE9C, 0xAE94, 0x8D94, 0x6D8C, 0x4C8C,
    0x0B84, 0x2B84, 0x2B84, 0x4B8C, 0x4C8C, 0x4C8C, 0x6D94, 0x8D94, 0x8D94, 0x8D94, 0x4C8C, 0xAA7B,
    0x0963, 0x264A, 0x4331, 0x8110, 0xA110, 0xE220, 0x2329, 0xA539, 0xE541, 0x054A, 0x4652, 0x6752,
    0x875A, 0xC762, 0x6973, 0xA97B, 0xEA7B, 0x2C8C, 0x4C8C, 0x0B84, 0x0C8C, 0x4C94, 0xAD94, 0xB4B5,
    0xD6BD, 0xF6C5, 0xF6C5, 0x17C6, 0x17C6, 0xF7C5, 0xF7C5, 0x17C6, 0x17C6, 0xF7C5, 0xF7C5, 0xF7C5,
    0xF7C5, 0xF7C5, 0xF7C5, 0xF7C5, 0xF7C5, 0xF7C5, 0xF7C5, 0xF7C5, 0xF7C5, 0xF7C5, 0xF7C5, 0xF7C5,
    0xF7C5, 0xF7C5, 0xF7C5, 0xF7C5, 0xF7C5, 0xF7C5, 0xF7C5, 0xF7C5, 0xF6BD, 0xF7C5, 0xF7BD, 0xF7C5,
    0xF7BD, 0xF6BD, 0xF6BD, 0xF6BD, 0xF6BD, 0xF7BD, 0xF6BD, 0xF6BD, 0xF6BD, 0xF6BD, 0xF6BD, 0xF7BD,
    0xD6BD, 0xD6BD, 0xD6BD, 0xD6BD, 0xD6BD, 0xD6BD, 0xD6BD, 0xD6BD, 0xD7DE, 0xD6DE, 0xD6DE, 0x96D6,
    0x75CE, 0x14C6, 0xF3BD, 0xB2B5, 0x50AD, 0x30A5, 0x0FA5, 0x0FA5, 0xEF9C, 0xEF9C, 0xEE9C, 0xEE9C,
    0xEE9C, 0xEE9C, 0xEE9C, 0xEE9C, 0xEE9C, 0xCE9C, 0xCE9C, 0xCE9C, 0xCE9C, 0xCE9C, 0xCE9C, 0xCE9C,
    0xCE9C, 0xCE9C, 0xEE9C, 0xEE9C, 0xCE9C, 0xAD94, 0x8D94, 0x6C8C, 0x4C8C, 0x2B84, 0x2B84, 0x2B84,
    0x4C8C, 0x4C8C, 0x6C8C, 0x6C94, 0x8D94, 0x6D94, 0x2C8C, 0xAA7B, 0xC85A, 0x064A, 0x4331, 0xC118,
    0xA118, 0x2329, 0x8431, 0xE541, 0x6652, 0xA75A, 0xA75A, 0x286B, 0xAA7B, 0xCA7B, 0x0B84, 0x4D8C,
    0x6C8C, 0x0B84, 0x0B84, 0x4C8C, 0xCFA4, 0xB4BD, 0x16BE, 0xF6BD, 0xF6C5, 0xF6C5, 0xF6C5, 0xF6C5,
    0x17C6, 0xF7C5, 0xF7C5, 0xF7C5, 0x17C6, 0xF7C5, 0xF7C5, 0x17C6, 0xF7C5, 0xF7C5, 0xF7C5, 0xF7C5,
    0xF7BD, 0xF7BD, 0xF7C5, 0xF7C5, 0xF7C5, 0xF7C5, 0xF7C5, 0xF7C5, 0xF7C5, 0xF7C5, 0xF7C5, 0xF7C5,
    0xF7C5, 0xF7C5, 0xF7C5, 0xF7C5, 0xF7C5, 0xF7C5, 0xF7C5, 0xF7C5, 0xF7C5, 0xF7BD, 0xF6BD, 0xF7BD,
    0xF7C5, 0xF7C5, 0xF6BD, 0xF6BD, 0xF7BD, 0xF7BD, 0xF7BD, 0xF6BD, 0xF6BD, 0xF6BD, 0xF7BD, 0xD6BD,
    0xD6BD, 0xD6BD, 0xD6BD, 0xD6BD,
};
